author,text,timestamp,subreddit,language,gpt_output
Little-World4261,中國清華確實好於台灣清華，是我也選中國，畢竟我唸書時中國可不是現在這個樣子,2024-01-10,Taiwanese,zh,"[
      {
        ""entity"": ""中國清華"",
        ""entity_type"": ""ORG"",
        ""sentiment"": ""positive""
      },
      {
        ""台灣清華"",
        ""entity_type"": ""ORG"",
        ""sentiment"": ""neutral""
      },
      {
        ""中國"",
        ""entity_type"": ""LOC"",
        ""sentiment"": ""negative""
      }
    ]"
No_Agent8795,聽說台灣人過去有很多優惠聽到我也心動,2024-01-11,Taiwanese,zh,"[
      {
        ""entity"": ""台灣人"",
        ""entity_type"": ""PER"",
        ""sentiment"": ""neutral""
      },
      {
        ""台灣"",
        ""entity_type"": ""LOC"",
        ""sentiment"": ""neutral""
      }
    ]"
pngmk2,不要小看在台共匪，像洪秀柱哪樣的間諜在台灣可不只一個半個,2024-01-09,Taiwanese,zh,"[
      {
        ""entity"": ""洪秀柱"",
        ""entity_type"": ""PER"",
        ""sentiment"": ""neutral""
      },
      {
        ""台灣"",
        ""entity_type"": ""LOC"",
        ""sentiment"": ""neutral""
      }
    ]"
Pharah_is_my_waIfu,不愛$$$幹嘛入黨?,2024-01-09,Taiwanese,zh,"[
      {
        ""entity"": ""不愛"",
        ""entity_type"": ""PER"",
        ""sentiment"": ""neutral""
      },
      {
        ""入黨"",
        ""entity_type"": ""ORG"",
        ""sentiment"": ""neutral""
      }
    ]"
Ill_Pineapple_5719,習大大才是最佳反串:笑哭了:,2024-01-10,Taiwanese,zh,"[
      {
        ""entity"": ""習大大"",
        ""entity_type"": ""PER"",
        ""sentiment"": ""positive""
      }
    ]"
young_den,真别说，我好多年没投过选票了,2024-01-10,Taiwanese,zh,"[
      {
        ""entity"": ""我"",
        ""entity_type"": ""PER"",
        ""sentiment"": ""neutral""
      },
      {
        ""多年"",
        ""entity_type"": ""TIME"",
        ""sentiment"": ""neutral""
      }
    ]"
flykakaya,"只是這招愈來愈難用,因為台商人數愈來愈少了

[台灣人赴中工作人數逐年遞減　學者：疫後也難恢復](",2024-01-10,Taiwanese,unknown - fasttext error,"[
      {
        ""entity"": ""台商"",
        ""entity_type"": ""ORG"",
        ""sentiment"": ""negative""
      },
      {
        ""台灣"",
        ""entity_type"": ""LOC"",
        ""sentiment"": ""neutral""
      },
      {
        ""中"",
        ""entity_type"": ""LOC"",
        ""sentiment"": ""neutral""
      },
      {
        ""疫後"",
        ""entity_type"": ""TIME"",
        ""sentiment"": ""negative""
      }
    ]"
Quick-Accident2555,捏妈妈的，共产中国子女逃不脱父母魔爪，自由中国的子女还没有办法逃脱么:怒火中烧:,2024-01-10,Taiwanese,zh,"[
      {
        ""entity"": ""共产中国"",
        ""entity_type"": ""ORG"",
        ""sentiment"": ""negative""
      },
      {
        ""自由中国"",
        ""entity_type"": ""ORG"",
        ""sentiment"": ""positive""
      }
    ]"
Acceptable_Ball_3643,你好，你好嗎，我剛剛關注了你，如果你不介意的話可以回來關注我嗎,2024-01-10,Taiwanese,zh,"[
      {
        ""entity"": ""我"",
        ""entity_type"": ""PER"",
        ""sentiment"": ""neutral""
      },
      {
        ""你"",
        ""entity_type"": ""PER"",
        ""sentiment"": ""neutral""
      }
    ]"
Deleted,洪秀柱瞎歸瞎也不會真的跟你擠進投票間,2024-01-10,Taiwanese,zh,"[
      {
        ""entity"": ""洪秀柱"",
        ""entity_type"": ""PER"",
        ""sentiment"": ""negative""
      }
    ]"
fight123,機票錢也是可以上下其手的項目,2024-01-09,Taiwanese,zh,"[
      {
        ""entity"": ""機票"",
        ""entity_type"": ""LOC"",
        ""sentiment"": ""neutral""
      }
    ]"
chenchen1984,"看着好舒服欸,有种低配置的北欧或日本街道的感觉.这是城市郊区还是农村啊",2024-01-15,Taiwanese,zh,"[
      {
        ""entity"": ""北欧"",
        ""entity_type"": ""LOC"",
        ""sentiment"": ""positive""
      },
      {
        ""日本"",
        ""entity_type"": ""LOC"",
        ""sentiment"": ""positive""
      }
    ]"
s8018572,這哪害我突然想吃大腸包小腸,2024-01-15,Taiwanese,zh,"[
      {
        ""entity"": ""大腸包小腸"",
        ""entity_type"": ""LOC"",
        ""sentiment"": ""neutral""
      }
    ]"
Chap_C,其實感覺不太適合台灣的天氣，其實騎樓本來就是適應台灣台灣多雨氣候的，只不過很多人濫用騎樓當成私人空間而已，,2024-01-15,Taiwanese,zh,"[
      {
        ""entity"": ""台灣"",
        ""entity_type"": ""LOC"",
        ""sentiment"": ""neutral""
      },
      {
        ""騎樓"",
        ""entity_type"": ""LOC"",
        ""sentiment"": ""neutral""
      }
    ]"
Stingray3011,"台灣要廣鋪人行道太難了
一堆騎樓停車
敢擋他家門口
讓他沒辦法停車就跟你拼了:笑哭了:",2024-01-15,Taiwanese,unknown - fasttext error,"[
      {
        ""entity"": ""台灣"",
        ""entity_type"": ""LOC"",
        ""sentiment"": ""neutral""
      }
    ]"
nightxfrog1231,人行道是「人本社會」的一小塊投影,2024-01-15,Taiwanese,zh,"[
      {
        ""entity"": ""人行道"",
        ""entity_type"": ""LOC"",
        ""sentiment"": ""neutral""
      },
      {
        ""人本社會"",
        ""entity_type"": ""ORG"",
        ""sentiment"": ""neutral""
      }
    ]"
Knocksveal,不過自行車通常不該在人行道上…,2024-01-15,Taiwanese,zh,"[
      {
        ""entity"": ""自行車"",
        ""entity_type"": ""LOC"",
        ""sentiment"": ""neutral""
      },
      {
        ""人行道"",
        ""entity_type"": ""LOC"",
        ""sentiment"": ""neutral""
      }
    ]"
Deleted,有种充满乡土气息的温馨，一瞬间竟然想哭,2024-01-15,Taiwanese,zh,"[
      {
        ""entity"": ""乡土"",
        ""entity_type"": ""LOC"",
        ""sentiment"": ""positive""
      },
      {
        ""一瞬间"",
        ""entity_type"": ""TIME"",
        ""sentiment"": ""neutral""
      }
    ]"
Little-World4261,加個好看的矮欄更好（拜託不要ㄇ型不鏽鋼）,2024-01-15,Taiwanese,zh,"[
      {
        ""entity"": ""矮欄"",
        ""entity_type"": ""LOC"",
        ""sentiment"": ""positive""
      },
      {
        ""不鏽鋼"",
        ""entity_type"": ""ORG"",
        ""sentiment"": ""negative""
      }
    ]"
Ok-Complaint-2113,但對向四輪把機慢車道當停車場很不順眼:郁闷:,2024-01-15,Taiwanese,zh,"[
      {
        ""entity"": ""四輪把機"",
        ""entity_type"": ""ORG"",
        ""sentiment"": ""negative""
      },
      {
        ""車道"",
        ""entity_type"": ""LOC"",
        ""sentiment"": ""neutral""
      }
    ]"
TW_MACA_19054,對面還是依舊甘苦人能不能體諒一下,2024-01-18,Taiwanese,zh,"[
      {
        ""entity"": ""甘苦人"",
        ""entity_type"": ""PER"",
        ""sentiment"": ""neutral""
      }
    ]"
s8018572,應該是鄉下人聚集地方的邊緣，但不確定地點,2024-01-15,Taiwanese,zh,"[
      {
        ""entity"": ""鄉下人"",
        ""entity_type"": ""PER"",
        ""sentiment"": ""neutral""
      },
      {
        ""地方"",
        ""entity_type"": ""LOC"",
        ""sentiment"": ""neutral""
      }
    ]"
FormosanForever,"昭和5年(1930)正確使用停仔腳(騎樓)的台日語政令宣傳。上圖為台北榮町停仔腳。

",2024-01-15,Taiwanese,unknown - fasttext error,"[
      {
        ""entity"": ""昭和5年"",
        ""entity_type"": ""TIME"",
        ""sentiment"": ""neutral""
      },
      {
        ""1930"",
        ""entity_type"": ""TIME"",
        ""sentiment"": ""neutral""
      },
      {
        ""停仔腳"",
        ""entity_type"": ""LOC"",
        ""sentiment"": ""neutral""
      },
      {
        ""台日語"",
        ""entity_type"": ""ORG"",
        ""sentiment"": ""neutral""
      },
      {
        ""政令宣傳"",
        ""entity_type"": ""ORG"",
        ""sentiment"": ""neutral""
      },
      {
        ""台北榮町"",
        ""entity_type"": ""LOC"",
        ""sentiment"": ""neutral""
      }
    ]"
Extension_Set_9999,騎樓就算了，人行道都可以變成私人空間,2024-01-15,Taiwanese,zh,"[
      {
        ""entity"": ""騎樓"",
        ""entity_type"": ""LOC"",
        ""sentiment"": ""neutral""
      },
      {
        ""人行道"",
        ""entity_type"": ""LOC"",
        ""sentiment"": ""neutral""
      }
    ]"
Inkyjo,騎樓直接封起來的看到真的腦溢血,2024-01-15,Taiwanese,zh,"[
      {
        ""entity"": ""騎樓"",
        ""entity_type"": ""LOC"",
        ""sentiment"": ""neutral""
      },
      {
        ""腦溢血"",
        ""entity_type"": ""PER"",
        ""sentiment"": ""negative""
      }
    ]"
Helpful-Gur9834,騎樓的興建完全沒標準，高高低低寬寬窄窄的，適合是一回事，做又是另一回事,2024-01-15,Taiwanese,zh,"[
      {
        ""entity"": ""騎樓"",
        ""entity_type"": ""LOC"",
        ""sentiment"": ""neutral""
      }
    ]"
s8018572,我還以為是彰化鄉村人聚集的地方邊緣XD，不過台中也很大就是,2024-01-15,Taiwanese,zh,"[
      {
        ""entity"": ""彰化"",
        ""entity_type"": ""LOC"",
        ""sentiment"": ""neutral""
      },
      {
        ""台中"",
        ""entity_type"": ""LOC"",
        ""sentiment"": ""neutral""
      }
    ]"
s8018572,佔用騎樓竟然這麼久了慘那時就有不要佔用騎樓的宣導了,2024-01-15,Taiwanese,zh,"[
      {
        ""entity"": ""佔用騎樓"",
        ""entity_type"": ""LOC"",
        ""sentiment"": ""negative""
      },
      {
        ""宣導"",
        ""entity_type"": ""ORG"",
        ""sentiment"": ""positive""
      }
    ]"
No-Inside-4705,日治時期的建築也太美，一堆混合式巴洛克,2024-01-15,Taiwanese,zh,"[
      {
        ""entity"": ""日治時期"",
        ""entity_type"": ""TIME"",
        ""sentiment"": ""positive""
      },
      {
        ""建築"",
        ""entity_type"": ""LOC"",
        ""sentiment"": ""positive""
      },
      {
        ""巴洛克"",
        ""entity_type"": ""LOC"",
        ""sentiment"": ""positive""
      }
    ]"
illusionmist,哈哈哈那時的中文好機器翻譯感,2024-01-15,Taiwanese,zh,"[
      {
        ""entity"": ""中文"",
        ""entity_type"": ""LOC"",
        ""sentiment"": ""neutral""
      }
    ]"
Chap_C,佔用大的人行道太明顯了，騎樓還是大宗，經常性的被吃豆腐。,2024-01-15,Taiwanese,zh,"[
      {
        ""entity"": ""佔用大的人行道"",
        ""entity_type"": ""LOC"",
        ""sentiment"": ""negative""
      },
      {
        ""騎樓"",
        ""entity_type"": ""LOC"",
        ""sentiment"": ""negative""
      },
      {
        ""被吃豆腐"",
        ""entity_type"": ""OCC"",
        ""sentiment"": ""negative""
      }
    ]"
Aggravating-Virus675,那個算是台文，當然字音基本上已經斷了，可惜,2024-01-15,Taiwanese,zh,"[
      {
        ""entity"": ""台文"",
        ""entity_type"": ""LOC"",
        ""sentiment"": ""neutral""
      }
    ]"
s8018572,與其說機翻不如說感覺像日文漢字的用法再加台語,2024-01-15,Taiwanese,zh,"[
      {
        ""entity"": ""與其"",
        ""entity_type"": ""PER"",
        ""sentiment"": ""neutral""
      },
      {
        ""機翻"",
        ""entity_type"": ""ORG"",
        ""sentiment"": ""neutral""
      },
      {
        ""日文漢字"",
        ""entity_type"": ""LOC"",
        ""sentiment"": ""neutral""
      },
      {
        ""台語"",
        ""entity_type"": ""LOC"",
        ""sentiment"": ""neutral""
      }
    ]"
Numanihamaru,騎樓封起來自用，人行道停機車擺商品招牌甚至放鍋爐桌椅做生意，路肩放花盆和禁止停車出租路邊攤到紅線，行人去跟機慢車和臨停汽車搶馬路，機慢車只能蛇行進進出出快車道……台灣的交通亂象真的誰都脫不了關係,2024-01-15,Taiwanese,zh,"[
      {
        ""entity"": ""台灣"",
        ""entity_type"": ""LOC"",
        ""sentiment"": ""neutral""
      }
    ]"
illusionmist,所以我說只是感覺嘛，讓我想到現在去日本偶爾會看到店家自己貼的那種不通順的機翻:笑哭了:,2024-01-15,Taiwanese,zh,"[
      {
        ""entity"": ""日本"",
        ""entity_type"": ""LOC"",
        ""sentiment"": ""neutral""
      }
    ]"
AKTEleven,是呀，不過這已經成為一個建制體系，你要改真的很困難，只能從新社區開始嚴格執行...跟違建有點像啦！別忘了，台灣很多「方便」都是建立在這些實質違法但是無法執法的東西上。,2024-01-15,Taiwanese,zh,"[
      {
        ""entity"": ""台灣"",
        ""entity_type"": ""LOC"",
        ""sentiment"": ""neutral""
      },
      {
        ""新社區"",
        ""entity_type"": ""LOC"",
        ""sentiment"": ""neutral""
      }
    ]"
Zoroaster623,"沒錯什麼都怪政府的cheap
只敢打沙包黨，怎麼不去監督全省騎樓？",2024-01-16,Taiwanese,unknown - fasttext error,"[
      {
        ""entity"": ""政府"",
        ""entity_type"": ""ORG"",
        ""sentiment"": ""negative""
      },
      {
        ""全省"",
        ""entity_type"": ""LOC"",
        ""sentiment"": ""neutral""
      }
    ]"
Mother_Construction2,希望用個nsfwtag,2023-10-22,Taiwanese,zh,"[
      {
        ""entity"": ""nsfwtag"",
        ""entity_type"": ""ORG"",
        ""sentiment"": ""neutral""
      }
    ]"
ChairProfessional561,在其他國家值得被大書特書的案件，在中國不過又是anormalday,2023-10-22,Taiwanese,zh,"[
      {
        ""entity"": ""中國"",
        ""entity_type"": ""LOC"",
        ""sentiment"": ""neutral""
      }
    ]"
No-Inside-4705,"拜託加個nsfwtag，並且先用文字在標題或內文上說明。我看得都心碎了。

板主應該有權幫忙分類加掛nsfw吧？",2023-10-22,Taiwanese,unknown - fasttext error,"[
      {
        ""entity"": ""板主"",
        ""entity_type"": ""PER"",
        ""sentiment"": ""neutral""
      },
      {
        ""nsfwtag"",
        ""entity_type"": ""ORG"",
        ""sentiment"": ""neutral""
      }
    ]"
FormosanForever,點開reddit直接被推送強迫貼滿臉，這種圖文不是可以標nsfw嗎？,2023-10-22,Taiwanese,zh,"[
      {
        ""entity"": ""reddit"",
        ""entity_type"": ""ORG"",
        ""sentiment"": ""neutral""
      }
    ]"
Much_Editor7898,"唉\~是瘋掉了的人民造成了瘋狂的政府?還是瘋狂的政府造成了發瘋的人民?中國人親自打造了人間地獄,他們自己要發瘋也就算了,但還要拉無辜的生靈一起陪葬",2023-10-22,Taiwanese,zh,"[
      {
        ""entity"": ""中國人"",
        ""entity_type"": ""PER"",
        ""sentiment"": ""negative""
      },
      {
        ""政府"",
        ""entity_type"": ""ORG"",
        ""sentiment"": ""negative""
      },
      {
        ""人民"",
        ""entity_type"": ""PER"",
        ""sentiment"": ""negative""
      }
    ]"
edward134678,記得加個nsfw標籤,2023-10-22,Taiwanese,zh,"[
      {
        ""entity"": ""nsfw"",
        ""entity_type"": ""O"",
        ""sentiment"": ""neutral""
      }
    ]"
saki__,境外势力又在带节奏，我们中国在习近平总书记的带领下已经步入全面小康社会，哪里来的流浪汉？境外势力自导自演抹黑我大中华，50w受死！,2023-10-22,Taiwanese,zh,"[
      {
        ""entity"": ""习近平"",
        ""entity_type"": ""PER"",
        ""sentiment"": ""positive""
      },
      {
        ""中国"",
        ""entity_type"": ""LOC"",
        ""sentiment"": ""positive""
      },
      {
        ""流浪汉"",
        ""entity_type"": ""PER"",
        ""sentiment"": ""negative""
      },
      {
        ""大中华"",
        ""entity_type"": ""LOC"",
        ""sentiment"": ""negative""
      }
    ]"
reactortw,疫情的時候已經屠過一波，現在又來，別說人了，就連狗生在中國真是倒了八輩子楣,2023-10-22,Taiwanese,zh,"[
      {
        ""entity"": ""疫情"",
        ""entity_type"": ""TIME"",
        ""sentiment"": ""negative""
      },
      {
        ""中國"",
        ""entity_type"": ""LOC"",
        ""sentiment"": ""negative""
      }
    ]"
Plus_Flamingo_1826,殺狗的人會遭報應，死後下地獄,2023-10-22,Taiwanese,zh,"[
      {
        ""entity"": ""殺狗的人"",
        ""entity_type"": ""PER"",
        ""sentiment"": ""negative""
      },
      {
        ""報應"",
        ""entity_type"": ""O"",
        ""sentiment"": ""negative""
      },
      {
        ""死後"",
        ""entity_type"": ""TIME"",
        ""sentiment"": ""negative""
      },
      {
        ""地獄"",
        ""entity_type"": ""LOC"",
        ""sentiment"": ""negative""
      }
    ]"
Plus_Flamingo_1826,誰敢殺我的狗我就跟誰拼命，大不了一起死,2023-10-22,Taiwanese,zh,"[
      {
        ""entity"": ""狗"",
        ""entity_type"": ""PER"",
        ""sentiment"": ""negative""
      }
    ]"
Clean_Care_824,借文問一下，聽說中國基本沒有動保法是真的嗎,2023-10-22,Taiwanese,zh,"[
      {
        ""entity"": ""中國"",
        ""entity_type"": ""LOC"",
        ""sentiment"": ""neutral""
      },
      {
        ""動保法"",
        ""entity_type"": ""ORG"",
        ""sentiment"": ""negative""
      }
    ]"
Wide-Tomato-2189,洼地人就是这样的，残暴，冷漠，欺软怕硬，千万别对那里抱一点幻想,2023-10-22,Taiwanese,zh,"[
      {
        ""entity"": ""洼地人"",
        ""entity_type"": ""PER"",
        ""sentiment"": ""negative""
      }
    ]"
Scary-Cheetah-6660,"中國真的在以各種方式增加業障耶

還是說不信這一套，自然就無所謂?",2023-10-22,Taiwanese,unknown - fasttext error,"[
      {
        ""entity"": ""中國"",
        ""entity_type"": ""LOC"",
        ""sentiment"": ""neutral""
      }
    ]"
Mountain-Contact4157,習班導在給希臘金做段考複習呢,2023-10-22,Taiwanese,zh,"[
      {
        ""entity"": ""習班導"",
        ""entity_type"": ""PER"",
        ""sentiment"": ""neutral""
      },
      {
        ""希臘"",
        ""entity_type"": ""LOC"",
        ""sentiment"": ""neutral""
      },
      {
        ""金"",
        ""entity_type"": ""PER"",
        ""sentiment"": ""neutral""
      }
    ]"
Typical_Toe_1705,"看不到是誰檢舉的，不過如果這張照片是您本人，麻煩聯絡我一下，該情況我會協助刪文


",2023-10-22,Taiwanese,unknown - fasttext error,"[
      {
        ""entity"": ""照片"",
        ""entity_type"": ""O"",
        ""sentiment"": ""neutral""
      },
      {
        ""entity"": ""您本人"",
        ""entity_type"": ""PER"",
        ""sentiment"": ""neutral""
      },
      {
        ""entity"": ""我"",
        ""entity_type"": ""PER"",
        ""sentiment"": ""neutral""
      }
    ]"
myDeliciousNeck666,流浪狗就該被活活打死???,2023-10-22,Taiwanese,zh,"[
      {
        ""entity"": ""流浪狗"",
        ""entity_type"": ""PER"",
        ""sentiment"": ""negative""
      }
    ]"
Sad-Muscle-6660,国民党畜生这个时候就不敢出来说话了,2023-10-22,Taiwanese,zh,"[
      {
        ""entity"": ""国民党"",
        ""entity_type"": ""ORG"",
        ""sentiment"": ""negative""
      },
      {
        ""entity"": ""这个时候"",
        ""entity_type"": ""TIME"",
        ""sentiment"": ""neutral""
      }
    ]"
ProhibitComment,我们中国人是这样的了，人均虐待狂，不喜欢可以游泳去台湾，台湾海峡又没加盖。,2023-10-22,Taiwanese,zh,"[
      {
        ""entity"": ""中国人"",
        ""entity_type"": ""PER"",
        ""sentiment"": ""neutral""
      },
      {
        ""台湾"",
        ""entity_type"": ""LOC"",
        ""sentiment"": ""neutral""
      },
      {
        ""台湾海峡"",
        ""entity_type"": ""LOC"",
        ""sentiment"": ""neutral""
      }
    ]"
matterrun,这个老头怎么没被打死，还是太有人权了,2023-10-22,Taiwanese,zh,"[
      {
        ""entity"": ""老头"",
        ""entity_type"": ""PER"",
        ""sentiment"": ""negative""
      },
      {
        ""人权"",
        ""entity_type"": ""ORG"",
        ""sentiment"": ""positive""
      }
    ]"
Deleted,"谁拍的照片？

小王，查一下监控",2023-10-22,Taiwanese,unknown - fasttext error,"[
      {
        ""entity"": ""小王"",
        ""entity_type"": ""PER"",
        ""sentiment"": ""neutral""
      },
      {
        ""监控"",
        ""entity_type"": ""ORG"",
        ""sentiment"": ""neutral""
      }
    ]"
ssoopi,"這有什麼,疫情期間看到就殺,吃狗都看過了",2023-10-22,Taiwanese,zh,"[
      {
        ""entity"": ""疫情期間"",
        ""entity_type"": ""TIME"",
        ""sentiment"": ""negative""
      },
      {
        ""狗"",
        ""entity_type"": ""PER"",
        ""sentiment"": ""negative""
      }
    ]"
Automatic-Spinach251,在台灣車子不小心撞到流浪狗甚至都沒發現撞到就會一堆人開始罵那個駕駛員也跟別說要是有人這樣把狗打死台灣流浪狗太多都不能安樂死的雖然我也支持不要安樂死狗:融化:,2023-10-22,Taiwanese,zh,"[
      {
        ""entity"": ""台灣"",
        ""entity_type"": ""LOC"",
        ""sentiment"": ""neutral""
      },
      {
        ""流浪狗"",
        ""entity_type"": ""PER"",
        ""sentiment"": ""negative""
      },
      {
        ""駕駛員"",
        ""entity_type"": ""PER"",
        ""sentiment"": ""negative""
      },
      {
        ""台灣流浪狗"",
        ""entity_type"": ""ORG"",
        ""sentiment"": ""negative""
      }
    ]"
Thick-Blueberry6527,就算武力再強、再富有，沒有重視生命和法治，都只是個未開化國家，窮的只剩下錢。,2023-10-22,Taiwanese,zh,"[
      {
        ""entity"": ""武力"",
        ""entity_type"": ""O"",
        ""sentiment"": ""neutral""
      },
      {
        ""entity"": ""法治"",
        ""entity_type"": ""O"",
        ""sentiment"": ""neutral""
      },
      {
        ""entity"": ""生命"",
        ""entity_type"": ""O"",
        ""sentiment"": ""neutral""
      }
    ]"
BravoBlackBanana,這圖片看了真的很心痛,2023-10-22,Taiwanese,zh,"[
      {
        ""entity"": ""這圖片"",
        ""entity_type"": ""LOC"",
        ""sentiment"": ""negative""
      }
    ]"
Lonely-Variation6940,邪惡的共匪政權，下地獄去吧。,2023-10-22,Taiwanese,zh,"[
      {
        ""entity"": ""共匪政權"",
        ""entity_type"": ""ORG"",
        ""sentiment"": ""negative""
      }
    ]"
summer516658,想起了一部电影《卡拉是条狗》，大陆的历史真的是在轮回,2023-10-22,Taiwanese,zh,"[
      {
        ""entity"": ""卡拉"",
        ""entity_type"": ""PER"",
        ""sentiment"": ""neutral""
      },
      {
        ""大陆"",
        ""entity_type"": ""LOC"",
        ""sentiment"": ""neutral""
      }
    ]"
EmbarrassedAnt6,呃文章有虐狗成分的可能會被reddit關切建議nsfw,2023-10-22,Taiwanese,zh,"[
      {
        ""entity"": ""reddit"",
        ""entity_type"": ""ORG"",
        ""sentiment"": ""neutral""
      },
      {
        ""nsfw"",
        ""entity_type"": ""ORG"",
        ""sentiment"": ""neutral""
      }
    ]"
Ordinary_Original183,什麼東西？大陸太窮的意思喔。不是一天兩天的事，我們都知道。,2023-10-22,Taiwanese,zh,"[
      {
        ""entity"": ""大陸"",
        ""entity_type"": ""LOC"",
        ""sentiment"": ""negative""
      }
    ]"
CardiologistSure1133,共產黨裡沒有黨證連狗都不如，現在要改成連狗都該死,2023-10-22,Taiwanese,zh,"[
      {
        ""entity"": ""共產黨"",
        ""entity_type"": ""ORG"",
        ""sentiment"": ""negative""
      },
      {
        ""狗"",
        ""entity_type"": ""PER"",
        ""sentiment"": ""negative""
      }
    ]"
wy9456,平日里缺乏协商构建平衡规则的机制，只能在一次又一次的运动里重复暴力冲突的悲剧。,2023-10-22,Taiwanese,zh,"[
      {
        ""entity"": ""平日"",
        ""entity_type"": ""TIME"",
        ""sentiment"": ""neutral""
      },
      {
        ""协商构建平衡规则"",
        ""entity_type"": ""ORG"",
        ""sentiment"": ""neutral""
      },
      {
        ""暴力冲突"",
        ""entity_type"": ""O"",
        ""sentiment"": ""negative""
      }
    ]"
Deleted,嗯，。，你只照到受害者，你沒照到真正的汁人,2023-10-22,Taiwanese,zh,"[
      {
        ""entity"": ""受害者"",
        ""entity_type"": ""PER"",
        ""sentiment"": ""negative""
      },
      {
        ""真正的汁人"",
        ""entity_type"": ""PER"",
        ""sentiment"": ""neutral""
      }
    ]"
Miserable-Tax8582,"好難過
那狗仔跟我家狗仔長得好像


",2023-10-23,Taiwanese,unknown - fasttext error,"[
      {
        ""entity"": ""狗仔"",
        ""entity_type"": ""PER"",
        ""sentiment"": ""neutral""
      },
      {
        ""我家狗仔"",
        ""entity_type"": ""PER"",
        ""sentiment"": ""neutral""
      }
    ]"
sylvia8240,我很高興留言去不像Instagram有很多粉紅,2023-10-23,Taiwanese,zh,"[
      {
        ""entity"": ""Instagram"",
        ""entity_type"": ""ORG"",
        ""sentiment"": ""negative""
      }
    ]"
Style_Lonely,"傷心欲絕的畫面

是不是笑話還是要講:拍攝者不救?

還是拍攝者也無能為力",2023-10-23,Taiwanese,unknown - fasttext error,"[
      {
        ""entity"": ""拍攝者"",
        ""entity_type"": ""PER"",
        ""sentiment"": ""neutral""
      },
      {
        ""拍攝者"",
        ""entity_type"": ""PER"",
        ""sentiment"": ""neutral""
      }
    ]"
zhinarchist,这才是真的anormaldayinchina,2023-10-22,Taiwanese,zh,"[
      {
        ""entity"": ""anormaldayinchina"",
        ""entity_type"": ""LOC"",
        ""sentiment"": ""neutral""
      }
    ]"
No_Warthog_9640,《東亞窪地沒有什麽新聞》,2023-10-22,Taiwanese,zh,"[
      {
        ""entity"": ""東亞窪地"",
        ""entity_type"": ""LOC"",
        ""sentiment"": ""neutral""
      }
    ]"
Creaper9487,"PleasemarkthisNSFW

PleaseputanNSFWtagonthis.IwasonthetrainandwhenIsawthisIhadtostartfuriouslymasturbating.Everyoneelsegavemestrangelooksandweresayingthingslike“whatthefuck”and“callthepolice”.Idroppedmyphoneandeveryonearoundmesawthisimage.Nowthereisawholetrainofmenmasturbatingtogetheratthisoneimage.Thisisallyourfault,youcouldhavepreventedthisifyouhadjusttaggedthispostNSFW.

好啦，我也討厭這種事情，至少也多放張「防雷」吧",2023-10-22,Taiwanese,unknown - fasttext error,"[
      {
        ""entity"": ""train"",
        ""entity_type"": ""LOC"",
        ""sentiment"": ""negative""
      },
      {
        ""police"",
        ""entity_type"": ""ORG"",
        ""sentiment"": ""negative""
      },
      {
        ""phone"",
        ""entity_type"": ""ORG"",
        ""sentiment"": ""negative""
      },
      {
        ""image"",
        ""entity_type"": ""ORG"",
        ""sentiment"": ""negative""
      },
      {
        ""men"",
        ""entity_type"": ""PER"",
        ""sentiment"": ""negative""
      }
    ]"
Mammoth_Selection615,据说是为了包子的文革Ⅱ做热身,2023-10-22,Taiwanese,zh,"[
      {
        ""entity"": ""包子"",
        ""entity_type"": ""PER"",
        ""sentiment"": ""neutral""
      },
      {
        ""文革Ⅱ"",
        ""entity_type"": ""TIME"",
        ""sentiment"": ""neutral""
      }
    ]"
pngmk2,Whynotboth?体制內的人就是國民組成，而共產黨瘋狂的政策製造了更多瘋狂的新血。,2023-10-22,Taiwanese,zh,"[
      {
        ""entity"": ""共產黨"",
        ""entity_type"": ""ORG"",
        ""sentiment"": ""negative""
      }
    ]"
RoboiosMut,放任懦弱是邪恶最大的帮凶，这么说虽然冷血，但是他们的遭遇对得起决定。,2023-10-22,Taiwanese,zh,"[
      {
        ""entity"": ""放任懦弱"",
        ""entity_type"": ""PER"",
        ""sentiment"": ""negative""
      },
      {
        ""邪恶"",
        ""entity_type"": ""PER"",
        ""sentiment"": ""negative""
      },
      {
        ""帮凶"",
        ""entity_type"": ""PER"",
        ""sentiment"": ""negative""
      }
    ]"
Navy_HongyiJ,吉纳菊没有一个是蘑菇的,2023-10-22,Taiwanese,zh,"[
      {
        ""entity"": ""吉纳菊"",
        ""entity_type"": ""PER"",
        ""sentiment"": ""neutral""
      },
      {
        ""蘑菇"",
        ""entity_type"": ""PER"",
        ""sentiment"": ""neutral""
      }
    ]"
RoboiosMut,在中国没有坏人有恶报的这个说法，好人受尽折磨后会被投入地狱，在地狱里看着恶魔风光无限子孙满堂,2023-10-22,Taiwanese,zh,"[
      {
        ""entity"": ""中国"",
        ""entity_type"": ""LOC"",
        ""sentiment"": ""neutral""
      },
      {
        ""地狱"",
        ""entity_type"": ""LOC"",
        ""sentiment"": ""negative""
      },
      {
        ""恶魔"",
        ""entity_type"": ""PER"",
        ""sentiment"": ""negative""
      }
    ]"
AOS2022,我們從小讀到大的華夏神話，不管天庭還是地府都是專制集團在管理，驚不驚喜？,2023-10-23,Taiwanese,zh,"[
      {
        ""entity"": ""華夏神話"",
        ""entity_type"": ""LOC"",
        ""sentiment"": ""neutral""
      },
      {
        ""天庭"",
        ""entity_type"": ""LOC"",
        ""sentiment"": ""neutral""
      },
      {
        ""地府"",
        ""entity_type"": ""LOC"",
        ""sentiment"": ""neutral""
      },
      {
        ""專制集團"",
        ""entity_type"": ""ORG"",
        ""sentiment"": ""negative""
      }
    ]"
Ok_Drop6943,幾年前看過一個中國新聞，他們連寵物都可以做成盲盒在賣⋯⋯,2023-10-22,Taiwanese,zh,"[
      {
        ""entity"": ""中國"",
        ""entity_type"": ""LOC"",
        ""sentiment"": ""neutral""
      },
      {
        ""幾年前"",
        ""entity_type"": ""TIME"",
        ""sentiment"": ""neutral""
      }
    ]"
Toaru_Wierdo,台友还是太年轻了，盐碱地连保护人的法律都(等同于)没有，还指望保护动物,2023-10-22,Taiwanese,zh,"[
      {
        ""entity"": ""台友"",
        ""entity_type"": ""PER"",
        ""sentiment"": ""neutral""
      },
      {
        ""盐碱地"",
        ""entity_type"": ""LOC"",
        ""sentiment"": ""neutral""
      },
      {
        ""保护人的法律"",
        ""entity_type"": ""ORG"",
        ""sentiment"": ""neutral""
      },
      {
        ""保护动物"",
        ""entity_type"": ""ORG"",
        ""sentiment"": ""neutral""
      }
    ]"
Suzhou_65,難繃，這年頭無障礙鍵盤跟輸入設備真是先進，連狗都可以完成檢舉了,2023-10-22,Taiwanese,zh,"[
      {
        ""entity"": ""難繃"",
        ""entity_type"": ""PER"",
        ""sentiment"": ""neutral""
      },
      {
        ""無障礙鍵盤"",
        ""entity_type"": ""ORG"",
        ""sentiment"": ""positive""
      },
      {
        ""輸入設備"",
        ""entity_type"": ""ORG"",
        ""sentiment"": ""positive""
      },
      {
        ""狗"",
        ""entity_type"": ""PER"",
        ""sentiment"": ""neutral""
      }
    ]"
WonderfulBug141,简单指路中国知乎关键词狗猫流浪狗野猫杰克辣条给台友一点小小得震撼,2023-10-22,Taiwanese,zh,"[
      {
        ""entity"": ""狗猫"",
        ""entity_type"": ""PER"",
        ""sentiment"": ""neutral""
      },
      {
        ""杰克"",
        ""entity_type"": ""PER"",
        ""sentiment"": ""neutral""
      },
      {
        ""辣条"",
        ""entity_type"": ""ORG"",
        ""sentiment"": ""neutral""
      },
      {
        ""台友"",
        ""entity_type"": ""PER"",
        ""sentiment"": ""neutral""
      }
    ]"
Deleted,游過來可能要失望了，政府已經取消大陸居民的中華民國國民待遇了。,2023-10-22,Taiwanese,zh,"[
      {
        ""entity"": ""政府"",
        ""entity_type"": ""ORG"",
        ""sentiment"": ""neutral""
      },
      {
        ""大陸居民"",
        ""entity_type"": ""PER"",
        ""sentiment"": ""negative""
      },
      {
        ""中華民國"",
        ""entity_type"": ""LOC"",
        ""sentiment"": ""neutral""
      }
    ]"
Sea_System_7036,…?這套路有點像啊:笑哭了:,2023-10-22,Taiwanese,zh,"[
      {
        ""entity"": ""這套路"",
        ""entity_type"": ""LOC"",
        ""sentiment"": ""neutral""
      },
      {
        ""笑哭了"",
        ""entity_type"": ""PER"",
        ""sentiment"": ""positive""
      }
    ]"
Ornery_Blacksmith341,游過來會失望的這邊小粉綠跟小粉紅一樣狂的,2023-10-22,Taiwanese,zh,"[
      {
        ""entity"": ""小粉綠"",
        ""entity_type"": ""PER"",
        ""sentiment"": ""neutral""
      },
      {
        ""小粉紅"",
        ""entity_type"": ""PER"",
        ""sentiment"": ""neutral""
      }
    ]"
TW_CU-BrucE-,我擦連這都有複製文？:头骨:,2023-10-22,Taiwanese,zh,"[
      {
        ""entity"": ""我擦"",
        ""entity_type"": ""PER"",
        ""sentiment"": ""neutral""
      },
      {
        ""entity"": ""複製文"",
        ""entity_type"": ""ORG"",
        ""sentiment"": ""neutral""
      }
    ]"
Xf777,赶紧部署在正式服吧，蜘蛛切早就难以忍耐了,2023-10-22,Taiwanese,zh,"[
      {
        ""entity"": ""蜘蛛切"",
        ""entity_type"": ""PER"",
        ""sentiment"": ""negative""
      }
    ]"
Born-Mirror2049,"一群恶心的人遛狗不牵绳，罗威纳把小女孩肾都咬掉一半，然后本地行政命令就开始转动，虽然没有在社会上明文可以扑杀流浪狗，但也实质上形成了这种暂时性的捕杀命令，这些跟民众有什么关系，不知道微博都骂翻了吗？

没有自由的媒体就是这样，把两边的人搞得越来越极端，越来越仇恨，到时候打起仗来，谁得好处？只能是上位者。不骂政府骂普通人，脑子也是有点抽象。本身两岸的民粹就已经很高涨了。

再者，流浪狗和猫会对鸟类和其他动物造成威胁，特别是流浪狗，对鹿都进行过攻击。许多国家都会对其无害化处理。如果养狗人不检点自身，这种事只会没完没了。",2023-10-22,Taiwanese,unknown - fasttext error,"[
      {
        ""entity"": ""罗威纳"",
        ""entity_type"": ""PER"",
        ""sentiment"": ""negative""
      },
      {
        ""小女孩"",
        ""entity_type"": ""PER"",
        ""sentiment"": ""negative""
      },
      {
        ""本地行政"",
        ""entity_type"": ""ORG"",
        ""sentiment"": ""neutral""
      },
      {
        ""社会"",
        ""entity_type"": ""LOC"",
        ""sentiment"": ""neutral""
      },
      {
        ""微博"",
        ""entity_type"": ""ORG"",
        ""sentiment"": ""negative""
      },
      {
        ""政府"",
        ""entity_type"": ""ORG"",
        ""sentiment"": ""negative""
      },
      {
        ""普通人"",
        ""entity_type"": ""PER"",
        ""sentiment"": ""negative""
      },
      {
        ""两岸"",
        ""entity_type"": ""LOC"",
        ""sentiment"": ""neutral""
      },
      {
        ""流浪狗"",
        ""entity_type"": ""ORG"",
        ""sentiment"": ""negative""
      },
      {
        ""猫"",
        ""entity_type"": ""ORG"",
        ""sentiment"": ""neutral""
      },
      {
        ""鸟类"",
        ""entity_type"": ""ORG"",
        ""sentiment"": ""neutral""
      },
      {
        ""鹿"",
        ""entity_type"": ""ORG"",
        ""sentiment"": ""neutral""
      },
      {
        ""国家"",
        ""entity_type"": ""LOC"",
        ""sentiment"": ""neutral""
      }
    ]"
Typical_Toe_1705,[你永遠不知道你的對手究竟是不是人](,2023-10-22,Taiwanese,zh,"[
      {
        ""entity"": ""你"",
        ""entity_type"": ""PER"",
        ""sentiment"": ""neutral""
      },
      {
        ""entity"": ""對手"",
        ""entity_type"": ""PER"",
        ""sentiment"": ""neutral""
      }
    ]"
Much_Editor7898,中國人真的不管到哪裡就是愛潑糞，拉低水平，自己過得不好，與其努力，不如在鍋子裡拉屎讓大家跟你一起吃屎。謝謝示範啊。,2023-10-22,Taiwanese,zh,"[
      {
        ""entity"": ""中國人"",
        ""entity_type"": ""PER"",
        ""sentiment"": ""negative""
      },
      {
        ""鍋子"",
        ""entity_type"": ""LOC"",
        ""sentiment"": ""negative""
      }
    ]"
Sea-Cranberry3574,"你在自我介紹嗎?粉紅就粉紅還粉綠(´\_ゝ｀)

看你以前到現在的部分留言你也是挺狂的，滿滿的粉臭味

在嘴別人粉紅先去做功課了解粉紅的定義，世界各國都有粉紅，難道你還要額外創詞，在那邊粉X粉X的?(;´･ω･)

「粉綠」的問題，確實有，有粉紅行為的極端綠色支持者，這點我不否認

\-------------------------------------------------

完了，我批評你，說不定我在你心中(\^\_-)-☆我也是「粉綠」了

我哭哭(ノД\`)・゜・。",2023-10-22,Taiwanese,unknown - fasttext error,"[
      {
        ""entity"": ""你"",
        ""entity_type"": ""PER"",
        ""sentiment"": ""neutral""
      },
      {
        ""粉紅"",
        ""entity_type"": ""ORG"",
        ""sentiment"": ""negative""
      },
      {
        ""粉綠"",
        ""entity_type"": ""ORG"",
        ""sentiment"": ""negative""
      },
      {
        ""世界各國"",
        ""entity_type"": ""LOC"",
        ""sentiment"": ""neutral""
      }
    ]"
Ok_Tune_4793,没有发过文，是部分恨狗人士自发的。,2023-10-22,Taiwanese,zh,"[
      {
        ""entity"": ""恨狗人士"",
        ""entity_type"": ""PER"",
        ""sentiment"": ""negative""
      }
    ]"
Ornery_Blacksmith341,你的意思是小粉紅小粉綠都是中國人嗎？板主快Ban他,2023-10-22,Taiwanese,zh,"[
      {
        ""entity"": ""小粉紅"",
        ""entity_type"": ""PER"",
        ""sentiment"": ""neutral""
      },
      {
        ""小粉綠"",
        ""entity_type"": ""PER"",
        ""sentiment"": ""neutral""
      },
      {
        ""中國人"",
        ""entity_type"": ""PER"",
        ""sentiment"": ""neutral""
      }
    ]"
JACK_2040,想不想看更好笑的兩個在野黨也是這麼說的,2023-12-25,Taiwanese,zh,"[
      {
        ""entity"": ""兩個在野黨"",
        ""entity_type"": ""ORG"",
        ""sentiment"": ""neutral""
      }
    ]"
seedless0,中國就是沒有辦法忍住不幫民進黨助選。,2023-12-25,Taiwanese,zh,"[
      {
        ""entity"": ""中國"",
        ""entity_type"": ""LOC"",
        ""sentiment"": ""neutral""
      },
      {
        ""民進黨"",
        ""entity_type"": ""ORG"",
        ""sentiment"": ""neutral""
      }
    ]"
Lonely-Variation6940,"「不排除」這三個字是廢話,我們也不排除「習近平明天暴斃」。",2023-12-25,Taiwanese,zh,"[
      {
        ""entity"": ""習近平"",
        ""entity_type"": ""PER"",
        ""sentiment"": ""negative""
      },
      {
        ""明天"",
        ""entity_type"": ""TIME"",
        ""sentiment"": ""neutral""
      }
    ]"
ddk771,2023年都快結束了都要2024年了，這說法到底還要聽多久??每4年聽一次....,2023-12-25,Taiwanese,zh,"[
      {
        ""entity"": ""2023年"",
        ""entity_type"": ""TIME"",
        ""sentiment"": ""neutral""
      },
      {
        ""2024年"",
        ""entity_type"": ""TIME"",
        ""sentiment"": ""neutral""
      },
      {
        ""每4年"",
        ""entity_type"": ""TIME"",
        ""sentiment"": ""neutral""
      }
    ]"
Scary-Cheetah-6660,"這不是威脅，這叫助選

早就說共產黨是dpp最強舉球手了",2023-12-25,Taiwanese,unknown - fasttext error,"[
      {
        ""entity"": ""共產黨"",
        ""entity_type"": ""ORG"",
        ""sentiment"": ""neutral""
      },
      {
        ""dpp"",
        ""entity_type"": ""ORG"",
        ""sentiment"": ""neutral""
      }
    ]"
Aggravating_One7736,最高烈度军事冲突是指☞《东海舰队南海舰队联合军演_狠狠痛击台湾海峡鱼虾》,2023-12-25,Taiwanese,zh,"[
      {
        ""entity"": ""东海舰队"",
        ""entity_type"": ""ORG"",
        ""sentiment"": ""neutral""
      },
      {
        ""南海舰队"",
        ""entity_type"": ""ORG"",
        ""sentiment"": ""neutral""
      },
      {
        ""台湾海峡"",
        ""entity_type"": ""LOC"",
        ""sentiment"": ""negative""
      }
    ]"
WaiLiThePooh,"中国国民党上台,台灣立刻出現解放軍。",2023-12-25,Taiwanese,zh,"[
      {
        ""entity"": ""中国国民党"",
        ""entity_type"": ""ORG"",
        ""sentiment"": ""neutral""
      },
      {
        ""台灣"",
        ""entity_type"": ""LOC"",
        ""sentiment"": ""neutral""
      },
      {
        ""解放軍"",
        ""entity_type"": ""ORG"",
        ""sentiment"": ""neutral""
      }
    ]"
Chap_C,急獨派巴不得中共趕快開打，快進台獨修憲。,2023-12-25,Taiwanese,zh,"[
      {
        ""entity"": ""中共"",
        ""entity_type"": ""ORG"",
        ""sentiment"": ""negative""
      },
      {
        ""台獨"",
        ""entity_type"": ""ORG"",
        ""sentiment"": ""positive""
      }
    ]"
Isaachong6096,對白藍而言，這是表達善意，中國人特有的善意提醒:闹钟:,2023-12-25,Taiwanese,zh,"[
      {
        ""entity"": ""白藍"",
        ""entity_type"": ""PER"",
        ""sentiment"": ""neutral""
      },
      {
        ""中國"",
        ""entity_type"": ""LOC"",
        ""sentiment"": ""neutral""
      }
    ]"
Cool_Fuzzy,"國台辦的狗不出來吠個幾聲會渾身不舒服

會叫的狗不會咬人",2023-12-25,Taiwanese,unknown - fasttext error,"[
      {
        ""entity"": ""國台辦"",
        ""entity_type"": ""ORG"",
        ""sentiment"": ""neutral""
      },
      {
        ""狗"",
        ""entity_type"": ""PER"",
        ""sentiment"": ""neutral""
      }
    ]"
Alternative-Sound225,中共不懂什么是选举。以为恐吓可以影响选举。滑稽,2023-12-25,Taiwanese,zh,"[
      {
        ""entity"": ""中共"",
        ""entity_type"": ""ORG"",
        ""sentiment"": ""negative""
      },
      {
        ""选举"",
        ""entity_type"": ""TIME"",
        ""sentiment"": ""neutral""
      },
      {
        ""恐吓"",
        ""entity_type"": ""O"",
        ""sentiment"": ""negative""
      },
      {
        ""滑稽"",
        ""entity_type"": ""O"",
        ""sentiment"": ""negative""
      }
    ]"
No_Selection_9052,前国台办还是副职，连狗都算不上。说话蚊子叫而已。,2023-12-25,Taiwanese,zh,"[
      {
        ""entity"": ""前国台办"",
        ""entity_type"": ""ORG"",
        ""sentiment"": ""neutral""
      },
      {
        ""狗"",
        ""entity_type"": ""PER"",
        ""sentiment"": ""negative""
      },
      {
        ""蚊子"",
        ""entity_type"": ""PER"",
        ""sentiment"": ""neutral""
      }
    ]"
zilchyo26,"要打就打，還在那邊不排除。

來人啊！關門放狗！",2023-12-25,Taiwanese,unknown - fasttext error,"[
      {
        ""entity"": ""要打就打"",
        ""entity_type"": ""PER"",
        ""sentiment"": ""neutral""
      },
      {
        ""還在那邊不排除"",
        ""entity_type"": ""LOC"",
        ""sentiment"": ""neutral""
      },
      {
        ""來人"",
        ""entity_type"": ""PER"",
        ""sentiment"": ""neutral""
      },
      {
        ""關門放狗"",
        ""entity_type"": ""LOC"",
        ""sentiment"": ""neutral""
      }
    ]"
Xiegnn,中國國民黨上任，就真的成為中國啦,2023-12-25,Taiwanese,zh,"[
      {
        ""entity"": ""中國國民黨"",
        ""entity_type"": ""ORG"",
        ""sentiment"": ""neutral""
      },
      {
        ""中國"",
        ""entity_type"": ""LOC"",
        ""sentiment"": ""neutral""
      }
    ]"
2020kenneth,那就更好了，我早就期待著打仗了，能把台灣的房價打下來最好不過了,2023-12-25,Taiwanese,zh,"[
      {
        ""entity"": ""台灣"",
        ""entity_type"": ""LOC"",
        ""sentiment"": ""negative""
      },
      {
        ""房價"",
        ""entity_type"": ""O"",
        ""sentiment"": ""negative""
      }
    ]"
Downtown-Whereas-334,他們好像每次大選都這麼說結果台灣人直接投民進黨根本就是在助選,2023-12-25,Taiwanese,zh,"[
      {
        ""entity"": ""台灣人"",
        ""entity_type"": ""PER"",
        ""sentiment"": ""neutral""
      },
      {
        ""民進黨"",
        ""entity_type"": ""ORG"",
        ""sentiment"": ""negative""
      }
    ]"
Pharah_is_my_waIfu,"我覺得不能排除中共侵略台灣的可能性，但是中共要不要侵台決定權在侯友宜還是柯文哲嗎？

反正都是宣傳，當作江湖賣藥的就好",2023-12-25,Taiwanese,unknown - fasttext error,"[
      {
        ""entity"": ""中共"",
        ""entity_type"": ""ORG"",
        ""sentiment"": ""neutral""
      },
      {
        ""台灣"",
        ""entity_type"": ""LOC"",
        ""sentiment"": ""neutral""
      },
      {
        ""侯友宜"",
        ""entity_type"": ""PER"",
        ""sentiment"": ""neutral""
      },
      {
        ""柯文哲"",
        ""entity_type"": ""PER"",
        ""sentiment"": ""neutral""
      },
      {
        ""江湖"",
        ""entity_type"": ""LOC"",
        ""sentiment"": ""neutral""
      }
    ]"
Actual-Jaguar5668,赤裸裸地露鳥/兇器，聲稱要把對方帶回自家，否則會來硬的；其實根據台灣法律，這只能算是公然猥褻/加重恐嚇，不算性侵強暴/擄人勒索^_^,2023-12-25,Taiwanese,zh,"[
      {
        ""entity"": ""台灣"",
        ""entity_type"": ""LOC"",
        ""sentiment"": ""neutral""
      }
    ]"
Willing_Truck_8414,全力支持賴清德，我趕羚羊台灣人不是嚇大的！,2023-12-26,Taiwanese,zh,"[
      {
        ""entity"": ""賴清德"",
        ""entity_type"": ""PER"",
        ""sentiment"": ""positive""
      },
      {
        ""台灣"",
        ""entity_type"": ""LOC"",
        ""sentiment"": ""neutral""
      }
    ]"
Arsontwtp,應該從陳水扁時代開始，每4年一次任期的選舉，文攻武嚇都上演一次，很不幸的效果都不太大，台灣人很習慣自己幹掉／換掉／選出自己的總統，不是誰嚇我就聽誰的，連選擇自己的總統都需要被嚇或左右，台灣人已非常習慣自己選擇自己承擔自己負責，4年就換下來或繼續，別指望台灣會成為下一個香港。,2023-12-26,Taiwanese,zh,"[
      {
        ""entity"": ""陳水扁"",
        ""entity_type"": ""PER"",
        ""sentiment"": ""neutral""
      },
      {
        ""台灣"",
        ""entity_type"": ""LOC"",
        ""sentiment"": ""neutral""
      },
      {
        ""4年"",
        ""entity_type"": ""TIME"",
        ""sentiment"": ""neutral""
      },
      {
        ""香港"",
        ""entity_type"": ""LOC"",
        ""sentiment"": ""negative""
      }
    ]"
b2008053,這下不想投他都不行了，共產黨真的最佳助選員,2023-12-25,Taiwanese,zh,"[
      {
        ""entity"": ""共產黨"",
        ""entity_type"": ""ORG"",
        ""sentiment"": ""negative""
      }
    ]"
Typical-Detail117,"早就該这么做！姑息养奸,另有盤算？",2023-12-25,Taiwanese,zh,"[
      {
        ""entity"": ""姑息养奸"",
        ""entity_type"": ""PER"",
        ""sentiment"": ""negative""
      }
    ]"
sayuriucb,老共這樣叫囂很久了，況且他現在也沒錢打仗，只剩一張嘴,2023-12-25,Taiwanese,zh,"[
      {
        ""entity"": ""老共"",
        ""entity_type"": ""ORG"",
        ""sentiment"": ""negative""
      },
      {
        ""打仗"",
        ""entity_type"": ""OCCUPATION"",
        ""sentiment"": ""neutral""
      }
    ]"
AndyCumming,芒果乾吃到飽，只有民進黨在惹中國然後跟民眾喊話來賺票數,2023-12-25,Taiwanese,zh,"[
      {
        ""entity"": ""民進黨"",
        ""entity_type"": ""ORG"",
        ""sentiment"": ""negative""
      },
      {
        ""中國"",
        ""entity_type"": ""LOC"",
        ""sentiment"": ""negative""
      },
      {
        ""民眾"",
        ""entity_type"": ""PER"",
        ""sentiment"": ""neutral""
      }
    ]"
SssCreeper,賴早就改口說和平保台。為了選票哪敢說台獨:笑哭了:,2023-12-25,Taiwanese,zh,"[
      {
        ""entity"": ""賴"",
        ""entity_type"": ""PER"",
        ""sentiment"": ""neutral""
      },
      {
        ""台"",
        ""entity_type"": ""LOC"",
        ""sentiment"": ""neutral""
      },
      {
        ""台獨"",
        ""entity_type"": ""LOC"",
        ""sentiment"": ""negative""
      }
    ]"
Affectionate-Wish741,威脅你，你台灣能夠怎樣？除了向美國契爺/乾爹求救，还能怎樣？有種就派空降師去中南海拼搏。台獨人士：你們除了死淨張咀，在美國人前扮契弟，還能怎樣？,2023-12-25,Taiwanese,zh,"[
      {
        ""entity"": ""台灣"",
        ""entity_type"": ""LOC"",
        ""sentiment"": ""neutral""
      },
      {
        ""美國"",
        ""entity_type"": ""LOC"",
        ""sentiment"": ""neutral""
      },
      {
        ""中南海"",
        ""entity_type"": ""LOC"",
        ""sentiment"": ""neutral""
      },
      {
        ""台獨人士"",
        ""entity_type"": ""PER"",
        ""sentiment"": ""negative""
      },
      {
        ""美國人"",
        ""entity_type"": ""PER"",
        ""sentiment"": ""neutral""
      }
    ]"
Chance_Cap_1422,笑死～那我也要對女生說若妳不愛我我就打妳,2023-12-26,Taiwanese,zh,"[
      {
        ""entity"": ""女生"",
        ""entity_type"": ""PER"",
        ""sentiment"": ""neutral""
      }
    ]"
Deleted,反正中国不敢打的台湾人放心做,2023-12-26,Taiwanese,zh,"[
      {
        ""entity"": ""中国"",
        ""entity_type"": ""LOC"",
        ""sentiment"": ""neutral""
      },
      {
        ""台湾"",
        ""entity_type"": ""LOC"",
        ""sentiment"": ""neutral""
      }
    ]"
AlanChow11,蔡英文選的時候也是這麼說的，總是些沒實權的人出來講話,2023-12-27,Taiwanese,zh,"[
      {
        ""entity"": ""蔡英文"",
        ""entity_type"": ""PER"",
        ""sentiment"": ""neutral""
      },
      {
        ""時候"",
        ""entity_type"": ""TIME"",
        ""sentiment"": ""neutral""
      }
    ]"
Tiny_Tony,这就是车轱辘话，换KMT也是不排除，玩脑筋急转弯呢,2023-12-27,Taiwanese,zh,"[
      {
        ""entity"": ""KMT"",
        ""entity_type"": ""ORG"",
        ""sentiment"": ""neutral""
      }
    ]"
windlesus,"聽君一席話，如聽一席話
說的跟沒說一樣。",2023-12-27,Taiwanese,unknown - fasttext error,"[
      {
        ""entity"": ""聽君一席話"",
        ""entity_type"": ""PER"",
        ""sentiment"": ""neutral""
      },
      {
        ""一席話"",
        ""entity_type"": ""TIME"",
        ""sentiment"": ""neutral""
      }
    ]"
naivebeings,癞皮狗怕个屁，一天乱说当放屁,2023-12-27,Taiwanese,zh,"[
      {
        ""entity"": ""癞皮狗"",
        ""entity_type"": ""PER"",
        ""sentiment"": ""negative""
      },
      {
        ""一天"",
        ""entity_type"": ""TIME"",
        ""sentiment"": ""neutral""
      }
    ]"
Glum-Panda-6722,要戰來戰啦！整天出那張嘴,2023-12-27,Taiwanese,zh,"[
      {
        ""entity"": ""戰"",
        ""entity_type"": ""PER"",
        ""sentiment"": ""neutral""
      },
      {
        ""整天"",
        ""entity_type"": ""TIME"",
        ""sentiment"": ""neutral""
      }
    ]"
XiSpider,你把赖清德换成任何一个名字，这句话都成立，因为底层逻辑是中共“不会放弃武力攻台”。,2023-12-27,Taiwanese,zh,"[
      {
        ""entity"": ""赖清德"",
        ""entity_type"": ""PER"",
        ""sentiment"": ""neutral""
      },
      {
        ""中共"",
        ""entity_type"": ""ORG"",
        ""sentiment"": ""negative""
      },
      {
        ""台"",
        ""entity_type"": ""LOC"",
        ""sentiment"": ""neutral""
      }
    ]"
Ok-Investigator7902,那就直接打吧！反正現在00都很好兇鬥狠是時候該消滅一些了,2023-12-28,Taiwanese,zh,"[
      {
        ""entity"": ""00"",
        ""entity_type"": ""TIME"",
        ""sentiment"": ""neutral""
      }
    ]"
Joker_MLGB,又他妈来了，选举年固定节目是吧？菜小姐上台前，不是也这么说的吗？,2023-12-29,Taiwanese,zh,"[
      {
        ""entity"": ""菜小姐"",
        ""entity_type"": ""PER"",
        ""sentiment"": ""neutral""
      }
    ]"
Hinson731,可悲的是不少選民吃這套,2023-12-25,Taiwanese,zh,"[
      {
        ""entity"": ""選民"",
        ""entity_type"": ""PER"",
        ""sentiment"": ""negative""
      }
    ]"
Fenyx_233,作为大陆人，有时候希望是真大，ccp梭哈一把然后下台，虽然代价有点大,2023-12-26,Taiwanese,zh,"[
      {
        ""entity"": ""大陆人"",
        ""entity_type"": ""LOC"",
        ""sentiment"": ""neutral""
      },
      {
        ""ccp"",
        ""entity_type"": ""ORG"",
        ""sentiment"": ""negative""
      }
    ]"
zhenyoung,三十年前也有一個外省人，在選市長的時候，非常激動的說，中華民國要滅亡惹～,2023-12-25,Taiwanese,zh,"[
      {
        ""entity"": ""三十年前"",
        ""entity_type"": ""TIME"",
        ""sentiment"": ""neutral""
      },
      {
        ""外省人"",
        ""entity_type"": ""PER"",
        ""sentiment"": ""neutral""
      },
      {
        ""市長"",
        ""entity_type"": ""ORG"",
        ""sentiment"": ""neutral""
      },
      {
        ""中華民國"",
        ""entity_type"": ""LOC"",
        ""sentiment"": ""negative""
      }
    ]"
Ok-March1037,這個我笑出來了，太真實...XD,2023-12-26,Taiwanese,zh,"[
      {
        ""entity"": ""XD"",
        ""entity_type"": ""TIME"",
        ""sentiment"": ""positive""
      }
    ]"
Equivalent-Mobile166,當年就是中共軍演成功輔選李登輝,2023-12-26,Taiwanese,zh,"[
      {
        ""entity"": ""中共"",
        ""entity_type"": ""ORG"",
        ""sentiment"": ""neutral""
      },
      {
        ""李登輝"",
        ""entity_type"": ""PER"",
        ""sentiment"": ""neutral""
      }
    ]"
Affectionate-Wish741,大陸光說不做，祇顧用咀巴恐嚇。台獨都習慣了這一套，當大陸在放屁。不明白解放軍為何不來一次真的，到台北市空降1次？,2023-12-26,Taiwanese,zh,"[
      {
        ""entity"": ""大陸"",
        ""entity_type"": ""LOC"",
        ""sentiment"": ""neutral""
      },
      {
        ""台獨"",
        ""entity_type"": ""ORG"",
        ""sentiment"": ""negative""
      },
      {
        ""大陸"",
        ""entity_type"": ""LOC"",
        ""sentiment"": ""negative""
      },
      {
        ""解放軍"",
        ""entity_type"": ""ORG"",
        ""sentiment"": ""neutral""
      },
      {
        ""台北市"",
        ""entity_type"": ""LOC"",
        ""sentiment"": ""neutral""
      }
    ]"
AutoModerator,"嗶嗶，由於超管G點太敏感，你的留言被移除啦，編輯留言並不會自動approve請修改後整個重發

*Iamabot,andthisactionwasperformedautomatically.Please[contactthemoderatorsofthissubreddit](/message/compose/?to=/r/Taiwanese)ifyouhaveanyquestionsorconcerns.*",2023-12-25,Taiwanese,unknown - fasttext error,"[
      {
        ""entity"": ""G點"",
        ""entity_type"": ""PER"",
        ""sentiment"": ""neutral""
      },
      {
        ""留言"",
        ""entity_type"": ""ORG"",
        ""sentiment"": ""neutral""
      },
      {
        ""編輯"",
        ""entity_type"": ""ORG"",
        ""sentiment"": ""neutral""
      },
      {
        ""重發"",
        ""entity_type"": ""ORG"",
        ""sentiment"": ""neutral""
      },
      {
        ""自動approve"",
        ""entity_type"": ""ORG"",
        ""sentiment"": ""neutral""
      },
      {
        ""Iamabot"",
        ""entity_type"": ""PER"",
        ""sentiment"": ""neutral""
      },
      {
        ""subreddit"",
        ""entity_type"": ""ORG"",
        ""sentiment"": ""neutral""
      },
      {
        ""Taiwanese"",
        ""entity_type"": ""LOC"",
        ""sentiment"": ""neutral""
      }
    ]"
False-Celebration374,這跟你們國師說法用一億三條命來換有什麼不同,2023-12-27,Taiwanese,zh,"[
      {
        ""entity"": ""國師"",
        ""entity_type"": ""PER"",
        ""sentiment"": ""neutral""
      },
      {
        ""一億三條命"",
        ""entity_type"": ""TIME"",
        ""sentiment"": ""neutral""
      }
    ]"
Tough_Temperature_52,咦南韓怎麼漂在海上了XD,2024-02-12,Taiwanese,zh,"[
      {
        ""entity"": ""南韓"",
        ""entity_type"": ""LOC"",
        ""sentiment"": ""neutral""
      }
    ]"
TWN113,塔吉克烏茲別克加入中國了？,2024-02-12,Taiwanese,zh,"[
      {
        ""entity"": ""塔吉克"",
        ""entity_type"": ""LOC"",
        ""sentiment"": ""neutral""
      },
      {
        ""烏茲別克"",
        ""entity_type"": ""LOC"",
        ""sentiment"": ""neutral""
      },
      {
        ""中國"",
        ""entity_type"": ""LOC"",
        ""sentiment"": ""neutral""
      }
    ]"
Logical-General2066,"看到隔壁，每天就找一堆【沒有公信力】的【評審】說台灣是劣質民主還是優質民主就覺得好笑。

這就像流氓在討論這【警察是不是優質的還是劣質】的，對他來說符合【流氓利益】才是好警察。",2024-02-12,Taiwanese,unknown - fasttext error,"[
      {
        ""entity"": ""隔壁"",
        ""entity_type"": ""LOC"",
        ""sentiment"": ""neutral""
      },
      {
        ""台灣"",
        ""entity_type"": ""LOC"",
        ""sentiment"": ""neutral""
      },
      {
        ""評審"",
        ""entity_type"": ""ORG"",
        ""sentiment"": ""negative""
      },
      {
        ""流氓"",
        ""entity_type"": ""PER"",
        ""sentiment"": ""negative""
      },
      {
        ""警察"",
        ""entity_type"": ""ORG"",
        ""sentiment"": ""neutral""
      },
      {
        ""流氓利益"",
        ""entity_type"": ""ORG"",
        ""sentiment"": ""negative""
      }
    ]"
Logical-General2066,"與歐美、日、韓、澳洲、紐西南自由度差不多。

",2024-02-12,Taiwanese,unknown - fasttext error,"[
      {
        ""entity"": ""歐美"",
        ""entity_type"": ""LOC"",
        ""sentiment"": ""neutral""
      },
      {
        ""日"",
        ""entity_type"": ""LOC"",
        ""sentiment"": ""neutral""
      },
      {
        ""韓"",
        ""entity_type"": ""LOC"",
        ""sentiment"": ""neutral""
      },
      {
        ""澳洲"",
        ""entity_type"": ""LOC"",
        ""sentiment"": ""neutral""
      },
      {
        ""紐西南"",
        ""entity_type"": ""LOC"",
        ""sentiment"": ""neutral""
      }
    ]"
Logical-General2066,"有敵我意識的限制敵人發言，根本不會影響到一個國家的自由度。
那些【中共評論員】你就別出來洗說台灣沒有自由
像這種【灰色地帶】的認知作戰我看多了",2024-02-12,Taiwanese,unknown - fasttext error,"[
      {
        ""entity"": ""中共評論員"",
        ""entity_type"": ""ORG"",
        ""sentiment"": ""negative""
      },
      {
        ""台灣"",
        ""entity_type"": ""LOC"",
        ""sentiment"": ""neutral""
      }
    ]"
skywriter_123,又是一個暖心的辱華地圖,2024-02-12,Taiwanese,zh,"[
      {
        ""entity"": ""暖心"",
        ""entity_type"": ""PER"",
        ""sentiment"": ""positive""
      },
      {
        ""辱華地圖"",
        ""entity_type"": ""LOC"",
        ""sentiment"": ""negative""
      }
    ]"
Street-Lobster-9092,自由度高到綠共綠共的一直罵都沒事…,2024-02-12,Taiwanese,zh,"[
      {
        ""entity"": ""綠共"",
        ""entity_type"": ""ORG"",
        ""sentiment"": ""neutral""
      }
    ]"
Jawhile,这种把塔吉克斯坦并入中国的地图到底是哪来的啊？好怪,2024-02-12,Taiwanese,zh,"[
      {
        ""entity"": ""塔吉克斯坦"",
        ""entity_type"": ""LOC"",
        ""sentiment"": ""neutral""
      },
      {
        ""中国"",
        ""entity_type"": ""LOC"",
        ""sentiment"": ""neutral""
      }
    ]"
Logical-General2066,"附上這張圖，看看討厭中國的，都在自由指數排行很前面。
粉紅的世界：民主國家跟中共一樣，看樣子一家親了

",2024-02-12,Taiwanese,unknown - fasttext error,"[
      {
        ""entity"": ""中國"",
        ""entity_type"": ""LOC"",
        ""sentiment"": ""negative""
      },
      {
        ""民主國家"",
        ""entity_type"": ""LOC"",
        ""sentiment"": ""positive""
      },
      {
        ""中共"",
        ""entity_type"": ""ORG"",
        ""sentiment"": ""negative""
      }
    ]"
Logical-General2066,"台灣排名12，比美國、加拿大還要自由。

",2024-02-13,Taiwanese,unknown - fasttext error,"[
      {
        ""entity"": ""台灣"",
        ""entity_type"": ""LOC"",
        ""sentiment"": ""positive""
      },
      {
        ""12"",
        ""entity_type"": ""TIME"",
        ""sentiment"": ""neutral""
      },
      {
        ""美國"",
        ""entity_type"": ""LOC"",
        ""sentiment"": ""neutral""
      },
      {
        ""加拿大"",
        ""entity_type"": ""LOC"",
        ""sentiment"": ""neutral""
      }
    ]"
Honest_Water3408,自由到可以支持想奪走你自由的政權,2024-02-12,Taiwanese,zh,"[
      {
        ""entity"": ""自由"",
        ""entity_type"": ""LOC"",
        ""sentiment"": ""neutral""
      },
      {
        ""政權"",
        ""entity_type"": ""ORG"",
        ""sentiment"": ""negative""
      }
    ]"
Admirable_Avocado_29,"哪有，綠共都限制言論自由，民進黨下台啦！

（反串註明）",2024-02-12,Taiwanese,unknown - fasttext error,"[
      {
        ""entity"": ""綠共"",
        ""entity_type"": ""ORG"",
        ""sentiment"": ""negative""
      },
      {
        ""民進黨"",
        ""entity_type"": ""ORG"",
        ""sentiment"": ""negative""
      }
    ]"
gagaear,北韓直接在地圖上消失是哪招？,2024-02-12,Taiwanese,zh,"[
      {
        ""entity"": ""北韓"",
        ""entity_type"": ""LOC"",
        ""sentiment"": ""neutral""
      }
    ]"
aia5566aia,我已經幫那些韓粉跟小草等民粹人士想好回應了：數據是冷冰冰的:傲慢:人心是熱烘烘的，得數據者得痔瘡！,2024-02-12,Taiwanese,zh,"[
      {
        ""entity"": ""韓粉"",
        ""entity_type"": ""PER"",
        ""sentiment"": ""negative""
      },
      {
        ""小草"",
        ""entity_type"": ""PER"",
        ""sentiment"": ""negative""
      }
    ]"
sillyj96,中國版圖怎麼西擴了？吞併了幾個斯坦國家？還丟了海南島？,2024-02-13,Taiwanese,zh,"[
      {
        ""entity"": ""中國"",
        ""entity_type"": ""LOC"",
        ""sentiment"": ""neutral""
      },
      {
        ""斯坦國家"",
        ""entity_type"": ""LOC"",
        ""sentiment"": ""negative""
      },
      {
        ""海南島"",
        ""entity_type"": ""LOC"",
        ""sentiment"": ""negative""
      }
    ]"
CommanderSykes,中国居然还不是最不自由的？,2024-02-12,Taiwanese,zh,"[
      {
        ""entity"": ""中国"",
        ""entity_type"": ""LOC"",
        ""sentiment"": ""neutral""
      }
    ]"
OccasionThat4759,把吉爾吉斯和塔吉克劃入中國，海南島漏掉，這地圖誰畫的？,2024-02-12,Taiwanese,zh,"[
      {
        ""entity"": ""吉爾吉斯"",
        ""entity_type"": ""LOC"",
        ""sentiment"": ""neutral""
      },
      {
        ""塔吉克"",
        ""entity_type"": ""LOC"",
        ""sentiment"": ""neutral""
      },
      {
        ""中國"",
        ""entity_type"": ""LOC"",
        ""sentiment"": ""neutral""
      },
      {
        ""海南島"",
        ""entity_type"": ""LOC"",
        ""sentiment"": ""neutral""
      }
    ]"
zhenyoung,"上次說民主不能當飯吃的那個（準）總統候選人，後來被查稅查到不知道還敢不敢說“Ido”。

反正血饅頭可是好吃的很。",2024-02-13,Taiwanese,unknown - fasttext error,"[
      {
        ""entity"": ""（準）總統候選人"",
        ""entity_type"": ""PER"",
        ""sentiment"": ""negative""
      },
      {
        ""Ido"",
        ""entity_type"": ""PER"",
        ""sentiment"": ""neutral""
      }
    ]"
Ilift220lbsofwheat,台湾作为冷战前线，重启麦卡锡主义的地方，自由度就不可能超过日本韩国等战争压力小于它的民主国家。排到第一可能是一种声援宣传。自由除了制度保障之外，客观上还受制于当下所处环境。就像二战战时美国的自由度也必然差于九十年代,2024-02-13,Taiwanese,zh,"[
      {
        ""entity"": ""台湾"",
        ""entity_type"": ""LOC"",
        ""sentiment"": ""neutral""
      },
      {
        ""日本"",
        ""entity_type"": ""LOC"",
        ""sentiment"": ""neutral""
      },
      {
        ""韩国"",
        ""entity_type"": ""LOC"",
        ""sentiment"": ""neutral""
      },
      {
        ""第一"",
        ""entity_type"": ""TIME"",
        ""sentiment"": ""neutral""
      },
      {
        ""二战"",
        ""entity_type"": ""TIME"",
        ""sentiment"": ""neutral""
      },
      {
        ""九十年代"",
        ""entity_type"": ""TIME"",
        ""sentiment"": ""neutral""
      }
    ]"
Deleted,"Iwouldlovethefreedomofnotgoingtothearmy.thefreedomnottodieoneday..thefreedomofrenouncingtoTaiwanesecitizenshipbeforeIturn36(it'sthesameageyouareeligibletodoyourarmyduty,coincidence?)..hopewe'llsoongetthere!",2024-02-12,Taiwanese,en,"[
      {
        ""entity"": ""Taiwanese citizenship"",
        ""entity_type"": ""LOC"",
        ""sentiment"": ""neutral""
      },
      {
        ""36"",
        ""entity_type"": ""TIME"",
        ""sentiment"": ""neutral""
      }
    ]"
FineDrive56,wooooooow逮丸泰利害啦,2024-02-13,Taiwanese,it,"[
      {
        ""entity"": ""逮丸泰"",
        ""entity_type"": ""PER"",
        ""sentiment"": ""positive""
      }
    ]"
Littertw,中國人又要開始嘴，誰說中國沒有言論自由了，超自由的，都是境外勢力在造謠,2024-02-13,Taiwanese,zh,"[
      {
        ""entity"": ""中國人"",
        ""entity_type"": ""PER"",
        ""sentiment"": ""neutral""
      },
      {
        ""中國"",
        ""entity_type"": ""LOC"",
        ""sentiment"": ""neutral""
      },
      {
        ""境外勢力"",
        ""entity_type"": ""ORG"",
        ""sentiment"": ""negative""
      }
    ]"
user6593a,"把目欄“國家/地區”Country/Territory，
直接改成“國家”Country就好了嘛。

不然看了真礙眼。",2024-02-13,Taiwanese,unknown - fasttext error,"[
      {
        ""entity"": ""國家/地區"",
        ""entity_type"": ""LOC"",
        ""sentiment"": ""neutral""
      },
      {
        ""國家"",
        ""entity_type"": ""LOC"",
        ""sentiment"": ""neutral""
      }
    ]"
bigyellow951,只有另外六百萬人覺得自己特不自由吧,2024-02-14,Taiwanese,zh,"[
      {
        ""entity"": ""六百萬人"",
        ""entity_type"": ""PER"",
        ""sentiment"": ""neutral""
      }
    ]"
Fancy_Event_3711,台灣的人配得上这制度嗎,2024-02-15,Taiwanese,zh,"[
      {
        ""entity"": ""台灣"",
        ""entity_type"": ""LOC"",
        ""sentiment"": ""neutral""
      }
    ]"
One_Satisfaction1308,其實是審核單位怕了，明理人都知道在金將軍的領導下朝鮮人民共和國是世界上最民主的國家,2024-02-13,Taiwanese,zh,"[
      {
        ""entity"": ""金將軍"",
        ""entity_type"": ""PER"",
        ""sentiment"": ""neutral""
      },
      {
        ""朝鮮人民共和國"",
        ""entity_type"": ""LOC"",
        ""sentiment"": ""neutral""
      }
    ]"
osang525,哈哈，不说我差点忘记那个国家的存在了:笑得满地打滚:,2024-02-12,Taiwanese,zh,"[
      {
        ""entity"": ""国家"",
        ""entity_type"": ""LOC"",
        ""sentiment"": ""neutral""
      }
    ]"
Mundane-Wonder8127,差不多啦，有北邊鄰居在，確實跟島嶼沒兩樣,2024-02-12,Taiwanese,zh,"[
      {
        ""entity"": ""北邊鄰居"",
        ""entity_type"": ""LOC"",
        ""sentiment"": ""neutral""
      },
      {
        ""島嶼"",
        ""entity_type"": ""LOC"",
        ""sentiment"": ""neutral""
      }
    ]"
Tireless_AlphaFox,那不是东亚，图里只说了东亚,2024-02-14,Taiwanese,zh,"[
      {
        ""entity"": ""东亚"",
        ""entity_type"": ""LOC"",
        ""sentiment"": ""neutral""
      }
    ]"
vergil0506,只會喊「綠共」「民進黨又蠢又壞」，一群不分是非黑白的人，要嘛是認知作戰，要嘛就是蠢，要嘛就是邪惡,2024-02-12,Taiwanese,zh,"[
      {
        ""entity"": ""綠共"",
        ""entity_type"": ""ORG"",
        ""sentiment"": ""negative""
      },
      {
        ""民進黨"",
        ""entity_type"": ""ORG"",
        ""sentiment"": ""negative""
      }
    ]"
Deleted,这张地图的绘制水平看起来也不像是很有公信力的样子,2024-02-12,Taiwanese,zh,"[
      {
        ""entity"": ""地图"",
        ""entity_type"": ""LOC"",
        ""sentiment"": ""neutral""
      }
    ]"
Awkward_Number8249,我不会拍电影照样评价烂片不行吗？,2024-02-13,Taiwanese,zh,"[
      {
        ""entity"": ""我"",
        ""entity_type"": ""PER"",
        ""sentiment"": ""neutral""
      },
      {
        ""电影"",
        ""entity_type"": ""ORG"",
        ""sentiment"": ""negative""
      }
    ]"
KimWexler88,哈哈哈哈当娱乐节目看的XD,2024-02-20,Taiwanese,zh,"[
      {
        ""entity"": ""娱乐节目"",
        ""entity_type"": ""ORG"",
        ""sentiment"": ""neutral""
      }
    ]"
Charles_Cheung_1,正好也跟中国人移民数量成正比:笑得满地打滚:,2024-02-14,Taiwanese,zh,"[
      {
        ""entity"": ""中国人"",
        ""entity_type"": ""PER"",
        ""sentiment"": ""neutral""
      }
    ]"
Powerful-Arrival-528,怎麼句句不離中國，安靜的做一個自由民主的島國不好嗎。不用從別人那獲得自我認同。,2024-02-13,Taiwanese,zh,"[
      {
        ""entity"": ""中國"",
        ""entity_type"": ""LOC"",
        ""sentiment"": ""neutral""
      },
      {
        ""自由民主的島國"",
        ""entity_type"": ""LOC"",
        ""sentiment"": ""neutral""
      }
    ]"
ArvinLai,真的要註明啊...現在看到綠共我就頭很痛，因為這是中共統戰已經大成功的證據,2024-02-12,Taiwanese,zh,"[
      {
        ""entity"": ""綠共"",
        ""entity_type"": ""ORG"",
        ""sentiment"": ""negative""
      },
      {
        ""中共"",
        ""entity_type"": ""ORG"",
        ""sentiment"": ""negative""
      }
    ]"
zmalqp147258,"共產黨幹部必須是東方共產大學或是中山大學培養，必須由共產國際在莫斯科立案，由蘇聯派專人輔導的布爾什維克政黨，台灣只有國民黨符合資格。

其次綠營要是多一些像我這種殘暴適合作為共產黨的人，那中共早瘋了，因為共產黨虐殺共產黨是最為殘忍的，根本就不跟中共講道理，凡是在抓到中國共產黨同路人直接抓去虐死，在海外與中國官員接觸就是積極挑釁，沒事就對中國使館噴油漆。",2024-02-13,Taiwanese,unknown - fasttext error,"[
      {
        ""entity"": ""共產黨"",
        ""entity_type"": ""ORG"",
        ""sentiment"": ""neutral""
      },
      {
        ""東方共產大學"",
        ""entity_type"": ""ORG"",
        ""sentiment"": ""neutral""
      },
      {
        ""中山大學"",
        ""entity_type"": ""ORG"",
        ""sentiment"": ""neutral""
      },
      {
        ""共產國際"",
        ""entity_type"": ""ORG"",
        ""sentiment"": ""neutral""
      },
      {
        ""莫斯科"",
        ""entity_type"": ""LOC"",
        ""sentiment"": ""neutral""
      },
      {
        ""蘇聯"",
        ""entity_type"": ""LOC"",
        ""sentiment"": ""neutral""
      },
      {
        ""布爾什維克政黨"",
        ""entity_type"": ""ORG"",
        ""sentiment"": ""neutral""
      },
      {
        ""台灣"",
        ""entity_type"": ""LOC"",
        ""sentiment"": ""neutral""
      },
      {
        ""國民黨"",
        ""entity_type"": ""ORG"",
        ""sentiment"": ""neutral""
      },
      {
        ""綠營"",
        ""entity_type"": ""ORG"",
        ""sentiment"": ""neutral""
      },
      {
        ""中共"",
        ""entity_type"": ""ORG"",
        ""sentiment"": ""neutral""
      },
      {
        ""中國共產黨"",
        ""entity_type"": ""ORG"",
        ""sentiment"": ""neutral""
      },
      {
        ""中共"",
        ""entity_type"": ""ORG"",
        ""sentiment"": ""neutral""
      },
      {
        ""中國"",
        ""entity_type"": ""LOC"",
        ""sentiment"": ""neutral""
      },
      {
        ""海外"",
        ""entity_type"": ""LOC"",
        ""sentiment"": ""neutral""
      },
      {
        ""中國官員"",
        ""entity_type"": ""PER"",
        ""sentiment"": ""neutral""
      },
      {
        ""中國使館"",
        ""entity_type"": ""LOC"",
        ""sentiment"": ""neutral""
      }
    ]"
Mysterious_Silver_27,老將軍從麥克阿瑟紀念館中揭棺而起然後召喚出核彈把北韓變成了一片放射性鈷的海洋,2024-02-12,Taiwanese,zh,"[
      {
        ""entity"": ""老將軍"",
        ""entity_type"": ""PER"",
        ""sentiment"": ""neutral""
      },
      {
        ""麥克阿瑟紀念館"",
        ""entity_type"": ""LOC"",
        ""sentiment"": ""neutral""
      },
      {
        ""北韓"",
        ""entity_type"": ""LOC"",
        ""sentiment"": ""negative""
      }
    ]"
MicrosoftOSX,一天到晚在微信上po反習反共言論到現在還沒被封號,2024-02-13,Taiwanese,zh,"[
      {
        ""entity"": ""微信"",
        ""entity_type"": ""ORG"",
        ""sentiment"": ""neutral""
      },
      {
        ""習"",
        ""entity_type"": ""PER"",
        ""sentiment"": ""negative""
      },
      {
        ""共"",
        ""entity_type"": ""ORG"",
        ""sentiment"": ""negative""
      }
    ]"
Fancy_Event_3711,能比戰時的俄羅斯還差已經不容易了。,2024-02-14,Taiwanese,zh,"[
      {
        ""entity"": ""俄羅斯"",
        ""entity_type"": ""LOC"",
        ""sentiment"": ""negative""
      },
      {
        ""戰時"",
        ""entity_type"": ""TIME"",
        ""sentiment"": ""neutral""
      }
    ]"
Logical-General2066,">來源：由美國智庫卡托研究所（CatoInstitute）和加拿大菲沙研究所（FraserInstitute）今天發布[**2023年度人類自由指數**](FreedomIndex,HFI）",2024-02-14,Taiwanese,zh,"[
      {
        ""entity"": ""美國智庫卡托研究所"",
        ""entity_type"": ""ORG"",
        ""sentiment"": ""neutral""
      },
      {
        ""加拿大菲沙研究所"",
        ""entity_type"": ""ORG"",
        ""sentiment"": ""neutral""
      },
      {
        ""2023"",
        ""entity_type"": ""TIME"",
        ""sentiment"": ""neutral""
      }
    ]"
Tough_Temperature_52,你是懂“民主”的XD,2024-02-13,Taiwanese,zh,"[
      {
        ""entity"": ""你"",
        ""entity_type"": ""PER"",
        ""sentiment"": ""neutral""
      },
      {
        ""民主"",
        ""entity_type"": ""ORG"",
        ""sentiment"": ""neutral""
      }
    ]"
timchang98,r/MovingToNorthKorea,2024-02-13,Taiwanese,ja,"[
      {
        ""entity"": ""North Korea"",
        ""entity_type"": ""LOC"",
        ""sentiment"": ""neutral""
      }
    ]"
ButterflyPlayful4584,「要嘛蠢要嘛壞」，典型的中共文革時期批鬥句法:大笑:,2024-02-13,Taiwanese,zh,"[
      {
        ""entity"": ""中共"",
        ""entity_type"": ""ORG"",
        ""sentiment"": ""negative""
      },
      {
        ""文革時期"",
        ""entity_type"": ""TIME"",
        ""sentiment"": ""negative""
      }
    ]"
Logical-General2066,"對啊\~北韓直接消失，海南島也不見了，多了塔吉克和烏茲別克
來源：由美國智庫卡托研究所（CatoInstitute）和加拿大菲沙研究所（FraserInstitute）今天發布[**2023年度人類自由指數**](FreedomIndex,HFI）",2024-02-13,Taiwanese,unknown - fasttext error,"[
      {
        ""entity"": ""北韓"",
        ""entity_type"": ""LOC"",
        ""sentiment"": ""neutral""
      },
      {
        ""海南島"",
        ""entity_type"": ""LOC"",
        ""sentiment"": ""neutral""
      },
      {
        ""塔吉克"",
        ""entity_type"": ""LOC"",
        ""sentiment"": ""neutral""
      },
      {
        ""烏茲別克"",
        ""entity_type"": ""LOC"",
        ""sentiment"": ""neutral""
      },
      {
        ""美國智庫卡托研究所"",
        ""entity_type"": ""ORG"",
        ""sentiment"": ""neutral""
      },
      {
        ""加拿大菲沙研究所"",
        ""entity_type"": ""ORG"",
        ""sentiment"": ""neutral""
      },
      {
        ""2023年"",
        ""entity_type"": ""TIME"",
        ""sentiment"": ""neutral""
      },
      {
        ""人類自由指數"",
        ""entity_type"": ""ORG"",
        ""sentiment"": ""neutral""
      },
      {
        ""FreedomIndex"",
        ""entity_type"": ""ORG"",
        ""sentiment"": ""neutral""
      },
      {
        ""HFI"",
        ""entity_type"": ""ORG"",
        ""sentiment"": ""neutral""
      }
    ]"
Logical-General2066,"這不就跟中共沒兩樣，不切實際。
遠離現實，沉浸幻想。",2024-02-13,Taiwanese,unknown - fasttext error,"[
      {
        ""entity"": ""中共"",
        ""entity_type"": ""ORG"",
        ""sentiment"": ""negative""
      },
      {
        ""entity"": ""現實"",
        ""entity_type"": ""LOC"",
        ""sentiment"": ""neutral""
      }
    ]"
Tireless_AlphaFox,因为敌国就在自己面前还每天嚷嚷着要物理侵犯，想要无视其实不太务实吧,2024-02-14,Taiwanese,zh,"[
      {
        ""entity"": ""敌国"",
        ""entity_type"": ""LOC"",
        ""sentiment"": ""negative""
      },
      {
        ""自己"",
        ""entity_type"": ""PER"",
        ""sentiment"": ""neutral""
      }
    ]"
Mysterious_Silver_27,60年代以後已經是阿共的形狀了:脸发烧:,2024-02-12,Taiwanese,zh,"[
      {
        ""entity"": ""60年代"",
        ""entity_type"": ""TIME"",
        ""sentiment"": ""neutral""
      },
      {
        ""阿共"",
        ""entity_type"": ""ORG"",
        ""sentiment"": ""neutral""
      }
    ]"
Charles_Cheung_1,如果你是中国人就不在了,2024-02-14,Taiwanese,zh,"[
      {
        ""entity"": ""中国人"",
        ""entity_type"": ""PER"",
        ""sentiment"": ""neutral""
      }
    ]"
Awkward_Number8249,我难道需要中共来决定我自己的行动？,2024-02-13,Taiwanese,zh,"[
      {
        ""entity"": ""我"",
        ""entity_type"": ""PER"",
        ""sentiment"": ""neutral""
      },
      {
        ""中共"",
        ""entity_type"": ""ORG"",
        ""sentiment"": ""negative""
      }
    ]"
Logical-General2066,"一堆不懂民主的人當評審，就跟一堆不懂體育的當評審。
不如就不要看了，看了也只是降智商。",2024-02-13,Taiwanese,unknown - fasttext error,"[
      {
        ""entity"": ""一堆不懂民主的人"",
        ""entity_type"": ""PER"",
        ""sentiment"": ""negative""
      },
      {
        ""評審"",
        ""entity_type"": ""ORG"",
        ""sentiment"": ""neutral""
      },
      {
        ""一堆不懂體育的人"",
        ""entity_type"": ""PER"",
        ""sentiment"": ""negative""
      },
      {
        ""評審"",
        ""entity_type"": ""ORG"",
        ""sentiment"": ""neutral""
      },
      {
        ""智商"",
        ""entity_type"": ""PER"",
        ""sentiment"": ""negative""
      }
    ]"
Awkward_Number8249,别人说什么关你什么事，你管的也太宽了,2024-02-13,Taiwanese,zh,"[
      {
        ""entity"": ""别人"",
        ""entity_type"": ""PER"",
        ""sentiment"": ""neutral""
      },
      {
        ""你"",
        ""entity_type"": ""PER"",
        ""sentiment"": ""neutral""
      }
    ]"
Awkward_Number8249,管不了谁评价台湾民主,2024-02-13,Taiwanese,zh,"[
      {
        ""entity"": ""台湾"",
        ""entity_type"": ""LOC"",
        ""sentiment"": ""neutral""
      },
      {
        ""民主"",
        ""entity_type"": ""ORG"",
        ""sentiment"": ""neutral""
      }
    ]"
Logical-General2066,同樣你也不管不住全世界怎麼說中國,2024-02-13,Taiwanese,zh,"[
      {
        ""entity"": ""中國"",
        ""entity_type"": ""LOC"",
        ""sentiment"": ""neutral""
      }
    ]"
Awkward_Number8249,我当然不管了。人家爱说什么说什么，这是人家的自由,2024-02-13,Taiwanese,zh,"[
      {
        ""entity"": ""我"",
        ""entity_type"": ""PER"",
        ""sentiment"": ""neutral""
      },
      {
        ""人家"",
        ""entity_type"": ""PER"",
        ""sentiment"": ""neutral""
      }
    ]"
Parthian_predator,用殘體的只配做豬，gofuckyourselfdude,2024-02-13,Taiwanese,en,"[
      {
        ""entity"": ""gofuckyourselfdude"",
        ""entity_type"": ""PER"",
        ""sentiment"": ""negative""
      }
    ]"
Awkward_Number8249,我就说夜夜秀并不是台湾个例，而是台湾人素质的代表，和中国不相上下,2024-02-13,Taiwanese,zh,"[
      {
        ""entity"": ""夜夜秀"",
        ""entity_type"": ""ORG"",
        ""sentiment"": ""neutral""
      },
      {
        ""台湾"",
        ""entity_type"": ""LOC"",
        ""sentiment"": ""neutral""
      },
      {
        ""中国"",
        ""entity_type"": ""LOC"",
        ""sentiment"": ""neutral""
      }
    ]"
Parthian_predator,Whateveryousay.你們沒有喜歡我們的義務，我本人倒是恨你們直到骨髓,2024-02-13,Taiwanese,zh,"[
      {
        ""entity"": ""你們"",
        ""entity_type"": ""PER"",
        ""sentiment"": ""negative""
      },
      {
        ""我本人"",
        ""entity_type"": ""PER"",
        ""sentiment"": ""negative""
      }
    ]"
Awkward_Number8249,你恨又能怎样？耽误我们吃饭吗？,2024-02-13,Taiwanese,zh,"[
      {
        ""entity"": ""你"",
        ""entity_type"": ""PER"",
        ""sentiment"": ""neutral""
      },
      {
        ""我们"",
        ""entity_type"": ""PER"",
        ""sentiment"": ""neutral""
      },
      {
        ""吃饭"",
        ""entity_type"": ""TIME"",
        ""sentiment"": ""neutral""
      }
    ]"
Parthian_predator,"反過來說也是一樣，你們這些沒有投票權沒有基本生存權利的「物種」也沒可能影響我們台灣人日常起居，在共產黨眼中，你們只是比數字還不如的存在

我的留言只想提醒你們，要銘記自己的位置。",2024-02-13,Taiwanese,unknown - fasttext error,"[
      {
        ""entity"": ""台灣人"",
        ""entity_type"": ""PER"",
        ""sentiment"": ""neutral""
      },
      {
        ""共產黨"",
        ""entity_type"": ""ORG"",
        ""sentiment"": ""negative""
      }
    ]"
Awkward_Number8249,多谢你优越高贵的台湾人,2024-02-13,Taiwanese,zh,"[
      {
        ""entity"": ""台湾人"",
        ""entity_type"": ""PER"",
        ""sentiment"": ""positive""
      }
    ]"
Parthian_predator,Youarewelcome.Gooddaytoyou.,2024-02-13,Taiwanese,en,"[
      {
        ""entity"": ""Good day"",
        ""entity_type"": ""TIME"",
        ""sentiment"": ""positive""
      }
    ]"
hupanchuxing,"这个世界上的很大一部分人从来就不知道与人为善的意义，他们和暴君一样思考，却又欺软怕硬、审时度势而后见风使舵。

在这些人面前，只有让自己变成比他们更tough的toughguy。善良从不是为每个人准备的。",2023-09-07,Taiwanese,unknown - fasttext error,"[
      {
        ""entity"": ""暴君"",
        ""entity_type"": ""PER"",
        ""sentiment"": ""negative""
      },
      {
        ""toughguy"",
        ""entity_type"": ""PER"",
        ""sentiment"": ""neutral""
      },
      {
        ""善良"",
        ""entity_type"": ""PER"",
        ""sentiment"": ""positive""
      }
    ]"
VeterinarianDry9519,翻译：我不想生活在中华民国大陆沦陷区,2023-09-07,Taiwanese,zh,"[
      {
        ""entity"": ""中华民国"",
        ""entity_type"": ""LOC"",
        ""sentiment"": ""neutral""
      }
    ]"
CreamExtension3808,假如去问在中国生活了几十年的人，善良在中国是弱点吗，一百个人有九十九个会回答是的,2023-09-07,Taiwanese,zh,"[
      {
        ""entity"": ""中国"",
        ""entity_type"": ""LOC"",
        ""sentiment"": ""neutral""
      },
      {
        ""一百个人"",
        ""entity_type"": ""PER"",
        ""sentiment"": ""neutral""
      }
    ]"
YamInternational4513,"一人一信給政府，
緊急情況應該取消這次選舉
不然台灣民主會毀於一旦",2023-09-07,Taiwanese,unknown - fasttext error,"[
      {
        ""entity"": ""政府"",
        ""entity_type"": ""ORG"",
        ""sentiment"": ""neutral""
      },
      {
        ""台灣"",
        ""entity_type"": ""LOC"",
        ""sentiment"": ""negative""
      }
    ]"
HarshAlpaca,老中社会就是这样的，你善良就会被几乎所有人当肥羊宰。所以想逃离老中不仅仅是贫穷问题，更是因为大家只想生活在一个正常的文明世界，然而就这个卑微的愿望在老中都不可能实现。,2023-09-07,Taiwanese,zh,"[
      {
        ""entity"": ""老中社会"",
        ""entity_type"": ""LOC"",
        ""sentiment"": ""negative""
      },
      {
        ""你"",
        ""entity_type"": ""PER"",
        ""sentiment"": ""positive""
      },
      {
        ""几乎所有人"",
        ""entity_type"": ""PER"",
        ""sentiment"": ""neutral""
      },
      {
        ""肥羊"",
        ""entity_type"": ""PER"",
        ""sentiment"": ""negative""
      },
      {
        ""贫穷问题"",
        ""entity_type"": ""PER"",
        ""sentiment"": ""negative""
      },
      {
        ""大家"",
        ""entity_type"": ""PER"",
        ""sentiment"": ""neutral""
      },
      {
        ""正常的文明世界"",
        ""entity_type"": ""LOC"",
        ""sentiment"": ""positive""
      },
      {
        ""卑微的愿望"",
        ""entity_type"": ""PER"",
        ""sentiment"": ""negative""
      }
    ]"
Different_Ad6979,"你是说一个人口众多的国家吗

在那个国家，善良是不是弱点不知道

但是老实，这是sb废物的意思",2023-09-07,Taiwanese,unknown - fasttext error,"[
      {
        ""entity"": ""国家"",
        ""entity_type"": ""LOC"",
        ""sentiment"": ""neutral""
      },
      {
        ""善良"",
        ""entity_type"": ""PER"",
        ""sentiment"": ""neutral""
      },
      {
        ""老实"",
        ""entity_type"": ""PER"",
        ""sentiment"": ""negative""
      },
      {
        ""sb废物"",
        ""entity_type"": ""PER"",
        ""sentiment"": ""negative""
      }
    ]"
Puzzled_Topic_6853,在哪里都有竞争的话，要怎么仁慈呢,2023-09-07,Taiwanese,zh,"[
      {
        ""entity"": ""竞争"",
        ""entity_type"": ""O"",
        ""sentiment"": ""neutral""
      }
    ]"
Aggravating_Mine9934,哎，Mygreatestfear.,2023-09-08,Taiwanese,en,"[
      {
        ""entity"": ""Mygreatestfear"",
        ""entity_type"": ""PER"",
        ""sentiment"": ""negative""
      }
    ]"
AutoModerator,"嗶嗶，由於超管G點太敏感，你的留言被移除啦，請改用替代詞語。編輯留言並不會自動approve請修改後整個重發

*Iamabot,andthisactionwasperformedautomatically.Please[contactthemoderatorsofthissubreddit](/message/compose/?to=/r/Taiwanese)ifyouhaveanyquestionsorconcerns.*",2023-09-08,Taiwanese,unknown - fasttext error,"[
      {
        ""entity"": ""G點"",
        ""entity_type"": ""PER"",
        ""sentiment"": ""neutral""
      },
      {
        ""留言"",
        ""entity_type"": ""ORG"",
        ""sentiment"": ""neutral""
      },
      {
        ""替代詞語"",
        ""entity_type"": ""ORG"",
        ""sentiment"": ""neutral""
      },
      {
        ""編輯留言"",
        ""entity_type"": ""ORG"",
        ""sentiment"": ""neutral""
      },
      {
        ""重發"",
        ""entity_type"": ""ORG"",
        ""sentiment"": ""neutral""
      }
    ]"
Deleted,說實在的，有時候多做不會比不做好，不是什麼時候都要搶在別人前面。。,2023-09-07,Taiwanese,zh,"[
      {
        ""entity"": ""說實在的"",
        ""entity_type"": ""PER"",
        ""sentiment"": ""neutral""
      },
      {
        ""多做"",
        ""entity_type"": ""PER"",
        ""sentiment"": ""neutral""
      },
      {
        ""不做"",
        ""entity_type"": ""PER"",
        ""sentiment"": ""neutral""
      },
      {
        ""別人"",
        ""entity_type"": ""PER"",
        ""sentiment"": ""neutral""
      }
    ]"
Different_Ad6979,没看懂你回复的啥意思,2023-09-07,Taiwanese,zh,"[
      {
        ""entity"": ""没看懂"",
        ""entity_type"": ""PER"",
        ""sentiment"": ""neutral""
      },
      {
        ""你"",
        ""entity_type"": ""PER"",
        ""sentiment"": ""neutral""
      }
    ]"
Beginning-Sea484,"有些事情，老ㄧ輩會教育說多做事，會學到更多、也會給別人好印象，但往往會變成別人把這些事情都往你身上丟，讓你忙著做事沒時間去跟上級討好，往往做的要死，卻是別人升遷加薪，因為功勞都被別人拿去當作自己的功勞報給上級。

這問題我跟我爸爭論過，我爸只能每次爭吵都拿他年輕時唯一一件搶著做剛好給老闆看到，有加到薪這件事說嘴，卻無視其他許多件事情實際上功勞都是被同事冒充當作自己的功勞。

有些事情是否要搶著做要看時機場合，重要的是讓老闆上級看到自己的價值，不是表現給同事看。",2023-09-08,Taiwanese,unknown - fasttext error,"[
      {
        ""entity"": ""我"",
        ""entity_type"": ""PER"",
        ""sentiment"": ""neutral""
      },
      {
        ""爸"",
        ""entity_type"": ""PER"",
        ""sentiment"": ""neutral""
      },
      {
        ""老闆"",
        ""entity_type"": ""PER"",
        ""sentiment"": ""neutral""
      },
      {
        ""同事"",
        ""entity_type"": ""PER"",
        ""sentiment"": ""neutral""
      }
    ]"
Different_Ad6979,"你完全在自说自话

和我说完全没关系

啰嗦那么多

&#x200B;

",2023-09-08,Taiwanese,unknown - fasttext error,"[
      {
        ""entity"": ""你"",
        ""entity_type"": ""PER"",
        ""sentiment"": ""neutral""
      },
      {
        ""entity"": ""自说自话"",
        ""entity_type"": ""PER"",
        ""sentiment"": ""negative""
      }
    ]"
Beginning-Sea484,因為你說你看不懂上面那位的回覆。:笑得满地打滚::笑得满地打滚::笑得满地打滚:,2023-09-08,Taiwanese,zh,"[
      {
        ""entity"": ""你"",
        ""entity_type"": ""PER"",
        ""sentiment"": ""neutral""
      }
    ]"
Different_Ad6979,"不是我看不懂，你写的东西实在是晦涩，难听点，垃圾

到此为止吧

上面已说了你这些话是什么

&#x200B;

&#x200B;



在中国，说一个人老实，就是笨蛋废物的意思(sb=shabi傻逼）

在社会上混的不行，没有结交到有权有势的人，能帮他办事

是一个干不了事的人

跟这个帖子说善良是弱点差不多，诚实不欺骗人是老实人

很早之前，人们说一个人老实本分，是在夸奖这个人，这是一个好人

后来就变成上面的意思",2023-09-08,Taiwanese,unknown - fasttext error,"[
      {
        ""entity"": ""中国"",
        ""entity_type"": ""LOC"",
        ""sentiment"": ""neutral""
      },
      {
        ""sb"",
        ""entity_type"": ""PER"",
        ""sentiment"": ""negative""
      }
    ]"
Deleted,">但是老实，这是sb废物的意思

好,所以老實人是廢物,不老實的人才是真的能幹

那你相信真的是這樣嗎?",2023-09-08,Taiwanese,unknown - fasttext error,"[
      {
        ""entity"": ""sb"",
        ""entity_type"": ""PER"",
        ""sentiment"": ""negative""
      },
      {
        ""老實人"",
        ""entity_type"": ""PER"",
        ""sentiment"": ""negative""
      }
    ]"
YamInternational4513,"這裡是討論台灣政治議題的

不是你的個版!

沒有要幫忙抗中保台就請閉嘴,

民主國家不是讓你隨便講幹話的",2023-09-08,Taiwanese,unknown - fasttext error,"[
      {
        ""entity"": ""台灣"",
        ""entity_type"": ""LOC"",
        ""sentiment"": ""neutral""
      },
      {
        ""中"",
        ""entity_type"": ""ORG"",
        ""sentiment"": ""negative""
      },
      {
        ""台"",
        ""entity_type"": ""ORG"",
        ""sentiment"": ""positive""
      },
      {
        ""民主國家"",
        ""entity_type"": ""LOC"",
        ""sentiment"": ""neutral""
      }
    ]"
dodo951116,原來唐朝就有照死人不償命的光污染打光嗎,2024-02-10,Taiwanese,zh,"[
      {
        ""entity"": ""唐朝"",
        ""entity_type"": ""TIME"",
        ""sentiment"": ""neutral""
      },
      {
        ""光污染"",
        ""entity_type"": ""LOC"",
        ""sentiment"": ""negative""
      }
    ]"
Overall_Yak1202,說認真的，中華民國美學本來就是中國老人的審美,2024-02-10,Taiwanese,zh,"[
      {
        ""entity"": ""中華民國"",
        ""entity_type"": ""ORG"",
        ""sentiment"": ""neutral""
      },
      {
        ""中國"",
        ""entity_type"": ""LOC"",
        ""sentiment"": ""neutral""
      }
    ]"
sirrion31,"唐代是市坊制，夜間宵禁，犯夜者，笞二十

還敢不夜城XD

如果真想cosplay唐代，那就應該街道黑漆漆

而不是像他們自豪的那樣，恨不能用光害除掉薩諾斯",2024-02-10,Taiwanese,unknown - fasttext error,"[
      {
        ""entity"": ""唐代"",
        ""entity_type"": ""TIME"",
        ""sentiment"": ""neutral""
      },
      {
        ""市坊制"",
        ""entity_type"": ""ORG"",
        ""sentiment"": ""neutral""
      },
      {
        ""夜間"",
        ""entity_type"": ""TIME"",
        ""sentiment"": ""neutral""
      },
      {
        ""宵禁"",
        ""entity_type"": ""TIME"",
        ""sentiment"": ""negative""
      },
      {
        ""夜者"",
        ""entity_type"": ""PER"",
        ""sentiment"": ""neutral""
      },
      {
        ""笞二十"",
        ""entity_type"": ""TIME"",
        ""sentiment"": ""negative""
      },
      {
        ""不夜城XD"",
        ""entity_type"": ""LOC"",
        ""sentiment"": ""neutral""
      },
      {
        ""cosplay唐代"",
        ""entity_type"": ""O"",
        ""sentiment"": ""neutral""
      },
      {
        ""街道"",
        ""entity_type"": ""LOC"",
        ""sentiment"": ""neutral""
      },
      {
        ""黑漆漆"",
        ""entity_type"": ""O"",
        ""sentiment"": ""neutral""
      },
      {
        ""自豪"",
        ""entity_type"": ""O"",
        ""sentiment"": ""positive""
      },
      {
        ""光害"",
        ""entity_type"": ""O"",
        ""sentiment"": ""negative""
      },
      {
        ""薩諾斯"",
        ""entity_type"": ""PER"",
        ""sentiment"": ""negative""
      }
    ]"
Inevitable_Buyer6540,旁邊那個看起來怎麼這麼像我阿公過世的罐頭塔,2024-02-10,Taiwanese,zh,"[
      {
        ""entity"": ""阿公"",
        ""entity_type"": ""PER"",
        ""sentiment"": ""negative""
      },
      {
        ""罐頭塔"",
        ""entity_type"": ""LOC"",
        ""sentiment"": ""neutral""
      }
    ]"
YJSNPI1145141919810,有時候不得不佩服中國人把大糞當黃金的本事,2024-02-10,Taiwanese,zh,"[
      {
        ""entity"": ""中國人"",
        ""entity_type"": ""PER"",
        ""sentiment"": ""positive""
      }
    ]"
Otherwise-Income-282,我怎么都觉得左边比右边好看，只有暴发户审美的人才会喜欢右边,2024-02-10,Taiwanese,zh,"[
      {
        ""entity"": ""左边"",
        ""entity_type"": ""LOC"",
        ""sentiment"": ""positive""
      },
      {
        ""右边"",
        ""entity_type"": ""LOC"",
        ""sentiment"": ""negative""
      },
      {
        ""暴发户"",
        ""entity_type"": ""PER"",
        ""sentiment"": ""negative""
      }
    ]"
Due_Discussion_1380,我更傾向於這種叫列寧黨審美，也是舶來的，要說當今中國有啥審美追求是原創的我一時半會還真想不出來，但把舶來品全部當原創嫁接兩下就成中國風這種自大狂思維的，適合聽一輩子周杰倫,2024-02-10,Taiwanese,zh,"[
      {
        ""entity"": ""列寧黨"",
        ""entity_type"": ""ORG"",
        ""sentiment"": ""neutral""
      },
      {
        ""中國"",
        ""entity_type"": ""LOC"",
        ""sentiment"": ""neutral""
      },
      {
        ""周杰倫"",
        ""entity_type"": ""PER"",
        ""sentiment"": ""positive""
      }
    ]"
ScheduleCritical6061,可以看看小红书的东北大花征服世界,2024-02-10,Taiwanese,zh,"[
      {
        ""entity"": ""小红书"",
        ""entity_type"": ""ORG"",
        ""sentiment"": ""neutral""
      },
      {
        ""东北大花"",
        ""entity_type"": ""PER"",
        ""sentiment"": ""positive""
      },
      {
        ""世界"",
        ""entity_type"": ""LOC"",
        ""sentiment"": ""neutral""
      }
    ]"
yyy_364364,中国人的审美真的是人类之癌,2024-02-10,Taiwanese,zh,"[
      {
        ""entity"": ""中国人"",
        ""entity_type"": ""PER"",
        ""sentiment"": ""negative""
      }
    ]"
Natural_Donut_3490,讲道理，什么精日会吹大唐遗风啊，我是很烦这种言论的，真正的唐朝肯定也是土的，土是北方文化的精髓,2024-02-10,Taiwanese,zh,"[
      {
        ""entity"": ""大唐"",
        ""entity_type"": ""LOC"",
        ""sentiment"": ""neutral""
      },
      {
        ""唐朝"",
        ""entity_type"": ""TIME"",
        ""sentiment"": ""neutral""
      }
    ]"
Junping0615,图2怎么丑到让人感觉是折纸玩具用放大灯照出来的,2024-02-10,Taiwanese,zh,"[
      {
        ""entity"": ""图2"",
        ""entity_type"": ""PER"",
        ""sentiment"": ""negative""
      },
      {
        ""折纸玩具"",
        ""entity_type"": ""ORG"",
        ""sentiment"": ""neutral""
      }
    ]"
ccRinlong,有一种没文化土里土气暴发户到处显摆的美,2024-02-10,Taiwanese,zh,"[
      {
        ""entity"": ""暴发户"",
        ""entity_type"": ""PER"",
        ""sentiment"": ""negative""
      }
    ]"
Cute-Teaching-7958,:脸红:大唐盛世…最後還不是大唐過世:累:,2024-02-10,Taiwanese,zh,"[
      {
        ""entity"": ""大唐"",
        ""entity_type"": ""LOC"",
        ""sentiment"": ""neutral""
      },
      {
        ""大唐"",
        ""entity_type"": ""LOC"",
        ""sentiment"": ""neutral""
      }
    ]"
EggyComics,“WewereinspiredbythehallofmirrorsinVersailles!”,2024-02-10,Taiwanese,en,"[
      {
        ""entity"": ""Versailles"",
        ""entity_type"": ""LOC"",
        ""sentiment"": ""positive""
      }
    ]"
Awkward_Number8249,我确实喜欢南京中山陵和广州中山纪念堂这种美学,2024-02-10,Taiwanese,zh,"[
      {
        ""entity"": ""南京中山陵"",
        ""entity_type"": ""LOC"",
        ""sentiment"": ""positive""
      },
      {
        ""广州中山纪念堂"",
        ""entity_type"": ""LOC"",
        ""sentiment"": ""positive""
      }
    ]"
WaiLiThePooh,"這不是中華民國美學,這是中共茅廁學。",2024-02-10,Taiwanese,zh,"[
      {
        ""entity"": ""中華民國"",
        ""entity_type"": ""LOC"",
        ""sentiment"": ""neutral""
      },
      {
        ""中共"",
        ""entity_type"": ""ORG"",
        ""sentiment"": ""negative""
      }
    ]"
Longjumping-Money448,左边让人有种找个亭子坐下小酌几杯赏景的兴致，右边呃呃呃…,2024-02-10,Taiwanese,zh,"[
      {
        ""entity"": ""左边"",
        ""entity_type"": ""LOC"",
        ""sentiment"": ""neutral""
      },
      {
        ""亭子"",
        ""entity_type"": ""LOC"",
        ""sentiment"": ""neutral""
      },
      {
        ""小酌几杯"",
        ""entity_type"": ""O"",
        ""sentiment"": ""neutral""
      },
      {
        ""右边"",
        ""entity_type"": ""LOC"",
        ""sentiment"": ""neutral""
      }
    ]"
Shiratamano,右边那“大唐不夜城”把眼睛都给我亮瞎了:笑得满地打滚:,2024-02-10,Taiwanese,en,"[
      {
        ""entity"": ""大唐不夜城"",
        ""entity_type"": ""LOC"",
        ""sentiment"": ""neutral""
      }
    ]"
Puzzleheaded_Ad3282,这一看就是翻墙出来做任务的,2024-02-10,Taiwanese,zh,"[
      {
        ""entity"": ""翻墙"",
        ""entity_type"": ""LOC"",
        ""sentiment"": ""neutral""
      }
    ]"
Dualonely,"虽然大概率被嘘爆，但是我觉得这三个都好，大红大绿的撞色搭配也不代表丑啊
如果非要说缺点，我确实很反感中国遍地的过度灯光，真的会造成光污染",2024-02-10,Taiwanese,unknown - fasttext error,"[
      {
        ""entity"": ""中国"",
        ""entity_type"": ""LOC"",
        ""sentiment"": ""negative""
      }
    ]"
Sakuya_Minatsuki,中国人除非是艺术生从小就没有接受过成体系的美学教育,2024-02-10,Taiwanese,zh,"[
      {
        ""entity"": ""中国人"",
        ""entity_type"": ""PER"",
        ""sentiment"": ""neutral""
      },
      {
        ""艺术生"",
        ""entity_type"": ""PER"",
        ""sentiment"": ""neutral""
      }
    ]"
Fishtank-CPAing,只說審美，左邊:反手食指向左指:…………,2024-02-10,Taiwanese,zh,"[
      {
        ""entity"": ""左邊"",
        ""entity_type"": ""LOC"",
        ""sentiment"": ""neutral""
      }
    ]"
Cute-Teaching-7958,他們是不會有真正的歷課本，他們課堂上的只是歷史小說，而且不是時因應需要而不段改版:笑得满地打滚:,2024-02-10,Taiwanese,zh,"[
      {
        ""entity"": ""他們"",
        ""entity_type"": ""PER"",
        ""sentiment"": ""neutral""
      },
      {
        ""歷史小說"",
        ""entity_type"": ""LOC"",
        ""sentiment"": ""negative""
      }
    ]"
Capable_Coconut_6226,元宵節可以玩三天三夜，她可能指的是這個？,2024-02-10,Taiwanese,zh,"[
      {
        ""entity"": ""元宵節"",
        ""entity_type"": ""TIME"",
        ""sentiment"": ""neutral""
      },
      {
        ""她"",
        ""entity_type"": ""PER"",
        ""sentiment"": ""neutral""
      }
    ]"
Best-Anteater7621,"跟中國人的照片一樣虛偽。每個人都是美顏濾鏡全開，腰修到變形，腳拉更長


中國人現在正在跟白人吵，說白人把亞裔弄太黑，中國人認為自己跟照片一樣白",2024-02-10,Taiwanese,unknown - fasttext error,"[
      {
        ""entity"": ""中國人"",
        ""entity_type"": ""PER"",
        ""sentiment"": ""neutral""
      },
      {
        ""美顏濾鏡"",
        ""entity_type"": ""ORG"",
        ""sentiment"": ""negative""
      },
      {
        ""白人"",
        ""entity_type"": ""PER"",
        ""sentiment"": ""neutral""
      },
      {
        ""亞裔"",
        ""entity_type"": ""PER"",
        ""sentiment"": ""neutral""
      }
    ]"
Rich-Context6672,搞不好100多年前很流行啊，但是現在用是真的醜,2024-02-10,Taiwanese,zh,"[
      {
        ""entity"": ""100多年前"",
        ""entity_type"": ""TIME"",
        ""sentiment"": ""neutral""
      },
      {
        ""現在"",
        ""entity_type"": ""TIME"",
        ""sentiment"": ""negative""
      }
    ]"
Altruistic-Club-3479,"明明都是Red,WhiteandBlue，為什麼美國國旗的感覺就是歷久不衰（雖然經過多次更改）；英國的UnionJack則是結合了傳承",2024-02-10,Taiwanese,zh,"[
      {
        ""entity"": ""Red,WhiteandBlue"",
        ""entity_type"": ""ORG"",
        ""sentiment"": ""neutral""
      },
      {
        ""美國"",
        ""entity_type"": ""LOC"",
        ""sentiment"": ""neutral""
      },
      {
        ""美國國旗"",
        ""entity_type"": ""ORG"",
        ""sentiment"": ""positive""
      },
      {
        ""英國"",
        ""entity_type"": ""LOC"",
        ""sentiment"": ""neutral""
      },
      {
        ""UnionJack"",
        ""entity_type"": ""ORG"",
        ""sentiment"": ""neutral""
      }
    ]"
nonsensiblejerking,不過國民黨黨旗就很好看。,2024-02-10,Taiwanese,zh,"[
      {
        ""entity"": ""國民黨"",
        ""entity_type"": ""ORG"",
        ""sentiment"": ""positive""
      }
    ]"
Awkward_Number8249,我问问你现在哪个文化没有舶来品？日本风难道没有中国成分，全身日本原创的吗？,2024-02-14,Taiwanese,zh,"[
      {
        ""entity"": ""日本"",
        ""entity_type"": ""LOC"",
        ""sentiment"": ""neutral""
      },
      {
        ""中国"",
        ""entity_type"": ""LOC"",
        ""sentiment"": ""neutral""
      }
    ]"
Main-Ad8216,只要彭麗媛穿一次我就,2024-02-10,Taiwanese,zh,"[
      {
        ""entity"": ""彭麗媛"",
        ""entity_type"": ""PER"",
        ""sentiment"": ""neutral""
      }
    ]"
UpstairsAd5526,所以大家才罵呀，沒有住過臺灣很難懂那種感覺。,2024-02-10,Taiwanese,zh,"[
      {
        ""entity"": ""臺灣"",
        ""entity_type"": ""LOC"",
        ""sentiment"": ""neutral""
      }
    ]"
BeIndependent72,別忘了騎在台灣頭上的還是China只是叫做RepublicofChina,2024-02-11,Taiwanese,zh,"[
      {
        ""entity"": ""台灣"",
        ""entity_type"": ""LOC"",
        ""sentiment"": ""neutral""
      },
      {
        ""China"",
        ""entity_type"": ""LOC"",
        ""sentiment"": ""neutral""
      },
      {
        ""RepublicofChina"",
        ""entity_type"": ""ORG"",
        ""sentiment"": ""neutral""
      }
    ]"
